method,seed,source_image_path,true_class,perturbation,severity,variant_index,top1_class,top3_classes,top1_correct,top3_correct,top1_score,margin
"dinov2_vits14 + augmentation prototypes, N=30",42,my_dataset_test_filtered\Leather_01\1750406379284.jpg,Leather_01,brightness,mild,0,Leather_01,Leather_01|Leather_02|Leather_200,True,True,0.849306,0.135214
"dinov2_vits14 + augmentation prototypes, N=30",42,my_dataset_test_filtered\Leather_01\1750406379284.jpg,Leather_01,contrast,mild,0,Leather_01,Leather_01|Leather_02|Leather_09,True,True,0.851853,0.136973
"dinov2_vits14 + augmentation prototypes, N=30",42,my_dataset_test_filtered\Leather_01\1750406379284.jpg,Leather_01,color_jitter,mild,0,Leather_01,Leather_01|Leather_02|Leather_200,True,True,0.858389,0.137377
"dinov2_vits14 + augmentation prototypes, N=30",42,my_dataset_test_filtered\Leather_01\1750406379284.jpg,Leather_01,gaussian_blur,mild,0,Leather_01,Leather_01|Leather_02|Leather_200,True,True,0.847818,0.157351
"dinov2_vits14 + augmentation prototypes, N=30",42,my_dataset_test_filtered\Leather_01\1750406379284.jpg,Leather_01,gaussian_noise,mild,0,Leather_01,Leather_01|Leather_02|Leather_28,True,True,0.827592,0.058504
"dinov2_vits14 + augmentation prototypes, N=30",42,my_dataset_test_filtered\Leather_01\1750406379284.jpg,Leather_01,jpeg_compression,mild,0,Leather_01,Leather_01|Leather_02|Leather_24,True,True,0.859907,0.109045
"dinov2_vits14 + augmentation prototypes, N=30",42,my_dataset_test_filtered\Leather_01\1750406379284.jpg,Leather_01,rotation,mild,0,Leather_01,Leather_01|Leather_02|Leather_200,True,True,0.818694,0.158255
"dinov2_vits14 + augmentation prototypes, N=30",42,my_dataset_test_filtered\Leather_01\1750406379284.jpg,Leather_01,crop_scale,mild,0,Leather_01,Leather_01|Leather_09|Leather_200,True,True,0.734036,0.126812
"dinov2_vits14 + augmentation prototypes, N=30",42,my_dataset_test_filtered\Leather_02\1750406835550.jpg,Leather_02,brightness,mild,0,Leather_02,Leather_02|Leather_01|Leather_173,True,True,0.872786,0.067089
"dinov2_vits14 + augmentation prototypes, N=30",42,my_dataset_test_filtered\Leather_02\1750406835550.jpg,Leather_02,contrast,mild,0,Leather_02,Leather_02|Leather_01|Leather_173,True,True,0.875689,0.078126
"dinov2_vits14 + augmentation prototypes, N=30",42,my_dataset_test_filtered\Leather_02\1750406835550.jpg,Leather_02,color_jitter,mild,0,Leather_02,Leather_02|Leather_173|Leather_01,True,True,0.890692,0.097559
"dinov2_vits14 + augmentation prototypes, N=30",42,my_dataset_test_filtered\Leather_02\1750406835550.jpg,Leather_02,gaussian_blur,mild,0,Leather_02,Leather_02|Leather_01|Leather_173,True,True,0.878496,0.076885
"dinov2_vits14 + augmentation prototypes, N=30",42,my_dataset_test_filtered\Leather_02\1750406835550.jpg,Leather_02,gaussian_noise,mild,0,Leather_02,Leather_02|Leather_173|Leather_28,True,True,0.867565,0.047853
"dinov2_vits14 + augmentation prototypes, N=30",42,my_dataset_test_filtered\Leather_02\1750406835550.jpg,Leather_02,jpeg_compression,mild,0,Leather_02,Leather_02|Leather_173|Leather_01,True,True,0.87626,0.069022
"dinov2_vits14 + augmentation prototypes, N=30",42,my_dataset_test_filtered\Leather_02\1750406835550.jpg,Leather_02,rotation,mild,0,Leather_02,Leather_02|Leather_01|Leather_24,True,True,0.865417,0.081795
"dinov2_vits14 + augmentation prototypes, N=30",42,my_dataset_test_filtered\Leather_02\1750406835550.jpg,Leather_02,crop_scale,mild,0,Leather_02,Leather_02|Leather_173|Leather_200,True,True,0.914229,0.081877
"dinov2_vits14 + augmentation prototypes, N=30",42,my_dataset_test_filtered\Leather_03\1750406941972.jpg,Leather_03,brightness,mild,0,Leather_03,Leather_03|Leather_165|Leather_173,True,True,0.88308,0.029651
"dinov2_vits14 + augmentation prototypes, N=30",42,my_dataset_test_filtered\Leather_03\1750406941972.jpg,Leather_03,contrast,mild,0,Leather_03,Leather_03|Leather_165|Leather_173,True,True,0.888037,0.029219
"dinov2_vits14 + augmentation prototypes, N=30",42,my_dataset_test_filtered\Leather_03\1750406941972.jpg,Leather_03,color_jitter,mild,0,Leather_03,Leather_03|Leather_165|Leather_173,True,True,0.891982,0.043969
"dinov2_vits14 + augmentation prototypes, N=30",42,my_dataset_test_filtered\Leather_03\1750406941972.jpg,Leather_03,gaussian_blur,mild,0,Leather_03,Leather_03|Leather_165|Leather_173,True,True,0.884394,0.030998
"dinov2_vits14 + augmentation prototypes, N=30",42,my_dataset_test_filtered\Leather_03\1750406941972.jpg,Leather_03,gaussian_noise,mild,0,Leather_165,Leather_165|Leather_03|Leather_173,False,True,0.865725,0.001833
"dinov2_vits14 + augmentation prototypes, N=30",42,my_dataset_test_filtered\Leather_03\1750406941972.jpg,Leather_03,jpeg_compression,mild,0,Leather_03,Leather_03|Leather_173|Leather_165,True,True,0.904128,0.011187
"dinov2_vits14 + augmentation prototypes, N=30",42,my_dataset_test_filtered\Leather_03\1750406941972.jpg,Leather_03,rotation,mild,0,Leather_03,Leather_03|Leather_173|Leather_165,True,True,0.91626,0.035395
"dinov2_vits14 + augmentation prototypes, N=30",42,my_dataset_test_filtered\Leather_03\1750406941972.jpg,Leather_03,crop_scale,mild,0,Leather_03,Leather_03|Leather_173|Leather_165,True,True,0.910722,0.022028
"dinov2_vits14 + augmentation prototypes, N=30",42,my_dataset_test_filtered\Leather_04\1750407130699.jpg,Leather_04,brightness,mild,0,Leather_189,Leather_189|Leather_04|Leather_188,False,True,0.471001,0.010261
"dinov2_vits14 + augmentation prototypes, N=30",42,my_dataset_test_filtered\Leather_04\1750407130699.jpg,Leather_04,contrast,mild,0,Leather_189,Leather_189|Leather_04|Leather_152,False,True,0.473395,0.008809
"dinov2_vits14 + augmentation prototypes, N=30",42,my_dataset_test_filtered\Leather_04\1750407130699.jpg,Leather_04,color_jitter,mild,0,Leather_189,Leather_189|Leather_152|Leather_188,False,False,0.500475,0.006231
"dinov2_vits14 + augmentation prototypes, N=30",42,my_dataset_test_filtered\Leather_04\1750407130699.jpg,Leather_04,gaussian_blur,mild,0,Leather_189,Leather_189|Leather_188|Leather_152,False,False,0.483267,0.014243
"dinov2_vits14 + augmentation prototypes, N=30",42,my_dataset_test_filtered\Leather_04\1750407130699.jpg,Leather_04,gaussian_noise,mild,0,Leather_152,Leather_152|Leather_189|Leather_17,False,False,0.437545,0.003313
"dinov2_vits14 + augmentation prototypes, N=30",42,my_dataset_test_filtered\Leather_04\1750407130699.jpg,Leather_04,jpeg_compression,mild,0,Leather_04,Leather_04|Leather_189|Leather_188,True,True,0.474488,0.000473
"dinov2_vits14 + augmentation prototypes, N=30",42,my_dataset_test_filtered\Leather_04\1750407130699.jpg,Leather_04,rotation,mild,0,Leather_17,Leather_17|Leather_152|Leather_04,False,True,0.404666,0.001674
"dinov2_vits14 + augmentation prototypes, N=30",42,my_dataset_test_filtered\Leather_04\1750407130699.jpg,Leather_04,crop_scale,mild,0,Leather_04,Leather_04|Leather_189|Leather_152,True,True,0.425753,0.003069
"dinov2_vits14 + augmentation prototypes, N=30",42,my_dataset_test_filtered\Leather_05\1750407204184.jpg,Leather_05,brightness,mild,0,Leather_08,Leather_08|Leather_05|Leather_11,False,True,0.707475,0.06528
"dinov2_vits14 + augmentation prototypes, N=30",42,my_dataset_test_filtered\Leather_05\1750407204184.jpg,Leather_05,contrast,mild,0,Leather_08,Leather_08|Leather_05|Leather_11,False,True,0.699407,0.059827
"dinov2_vits14 + augmentation prototypes, N=30",42,my_dataset_test_filtered\Leather_05\1750407204184.jpg,Leather_05,color_jitter,mild,0,Leather_08,Leather_08|Leather_05|Leather_11,False,True,0.700866,0.065952
"dinov2_vits14 + augmentation prototypes, N=30",42,my_dataset_test_filtered\Leather_05\1750407204184.jpg,Leather_05,gaussian_blur,mild,0,Leather_08,Leather_08|Leather_05|Leather_11,False,True,0.71796,0.067222
"dinov2_vits14 + augmentation prototypes, N=30",42,my_dataset_test_filtered\Leather_05\1750407204184.jpg,Leather_05,gaussian_noise,mild,0,Leather_08,Leather_08|Leather_05|Leather_11,False,True,0.726539,0.075573
"dinov2_vits14 + augmentation prototypes, N=30",42,my_dataset_test_filtered\Leather_05\1750407204184.jpg,Leather_05,jpeg_compression,mild,0,Leather_08,Leather_08|Leather_05|Leather_11,False,True,0.71169,0.07207
"dinov2_vits14 + augmentation prototypes, N=30",42,my_dataset_test_filtered\Leather_05\1750407204184.jpg,Leather_05,rotation,mild,0,Leather_08,Leather_08|Leather_05|Leather_11,False,True,0.592768,0.02205
"dinov2_vits14 + augmentation prototypes, N=30",42,my_dataset_test_filtered\Leather_05\1750407204184.jpg,Leather_05,crop_scale,mild,0,Leather_08,Leather_08|Leather_05|Leather_11,False,True,0.758149,0.040399
"dinov2_vits14 + augmentation prototypes, N=30",42,my_dataset_test_filtered\Leather_06\1750407348067.jpg,Leather_06,brightness,mild,0,Leather_06,Leather_06|Leather_175|Leather_170,True,True,0.872845,0.050742
"dinov2_vits14 + augmentation prototypes, N=30",42,my_dataset_test_filtered\Leather_06\1750407348067.jpg,Leather_06,contrast,mild,0,Leather_06,Leather_06|Leather_175|Leather_170,True,True,0.870822,0.043422
"dinov2_vits14 + augmentation prototypes, N=30",42,my_dataset_test_filtered\Leather_06\1750407348067.jpg,Leather_06,color_jitter,mild,0,Leather_06,Leather_06|Leather_175|Leather_181,True,True,0.874973,0.05229
"dinov2_vits14 + augmentation prototypes, N=30",42,my_dataset_test_filtered\Leather_06\1750407348067.jpg,Leather_06,gaussian_blur,mild,0,Leather_06,Leather_06|Leather_175|Leather_170,True,True,0.876716,0.052751
"dinov2_vits14 + augmentation prototypes, N=30",42,my_dataset_test_filtered\Leather_06\1750407348067.jpg,Leather_06,gaussian_noise,mild,0,Leather_06,Leather_06|Leather_175|Leather_170,True,True,0.873904,0.050836
"dinov2_vits14 + augmentation prototypes, N=30",42,my_dataset_test_filtered\Leather_06\1750407348067.jpg,Leather_06,jpeg_compression,mild,0,Leather_06,Leather_06|Leather_175|Leather_170,True,True,0.871869,0.043619
"dinov2_vits14 + augmentation prototypes, N=30",42,my_dataset_test_filtered\Leather_06\1750407348067.jpg,Leather_06,rotation,mild,0,Leather_06,Leather_06|Leather_175|Leather_170,True,True,0.889134,0.071581
"dinov2_vits14 + augmentation prototypes, N=30",42,my_dataset_test_filtered\Leather_06\1750407348067.jpg,Leather_06,crop_scale,mild,0,Leather_06,Leather_06|Leather_152|Leather_175,True,True,0.929531,0.053992
"dinov2_vits14 + augmentation prototypes, N=30",42,my_dataset_test_filtered\Leather_07\1750407528243.jpg,Leather_07,brightness,mild,0,Leather_07,Leather_07|Leather_164|Leather_02,True,True,0.749739,0.063499
"dinov2_vits14 + augmentation prototypes, N=30",42,my_dataset_test_filtered\Leather_07\1750407528243.jpg,Leather_07,contrast,mild,0,Leather_07,Leather_07|Leather_164|Leather_02,True,True,0.825965,0.033545
"dinov2_vits14 + augmentation prototypes, N=30",42,my_dataset_test_filtered\Leather_07\1750407528243.jpg,Leather_07,color_jitter,mild,0,Leather_07,Leather_07|Leather_02|Leather_166,True,True,0.730508,0.012351
"dinov2_vits14 + augmentation prototypes, N=30",42,my_dataset_test_filtered\Leather_07\1750407528243.jpg,Leather_07,gaussian_blur,mild,0,Leather_07,Leather_07|Leather_164|Leather_02,True,True,0.825133,0.03923
"dinov2_vits14 + augmentation prototypes, N=30",42,my_dataset_test_filtered\Leather_07\1750407528243.jpg,Leather_07,gaussian_noise,mild,0,Leather_07,Leather_07|Leather_164|Leather_02,True,True,0.769545,0.022054
"dinov2_vits14 + augmentation prototypes, N=30",42,my_dataset_test_filtered\Leather_07\1750407528243.jpg,Leather_07,jpeg_compression,mild,0,Leather_07,Leather_07|Leather_164|Leather_166,True,True,0.830649,0.007436
"dinov2_vits14 + augmentation prototypes, N=30",42,my_dataset_test_filtered\Leather_07\1750407528243.jpg,Leather_07,rotation,mild,0,Leather_07,Leather_07|Leather_164|Leather_02,True,True,0.81971,0.056428
"dinov2_vits14 + augmentation prototypes, N=30",42,my_dataset_test_filtered\Leather_07\1750407528243.jpg,Leather_07,crop_scale,mild,0,Leather_07,Leather_07|Leather_164|Leather_166,True,True,0.871204,0.05072
"dinov2_vits14 + augmentation prototypes, N=30",42,my_dataset_test_filtered\Leather_08\1750407629336.jpg,Leather_08,brightness,mild,0,Leather_08,Leather_08|Leather_167|Leather_10,True,True,0.915853,0.112441
"dinov2_vits14 + augmentation prototypes, N=30",42,my_dataset_test_filtered\Leather_08\1750407629336.jpg,Leather_08,contrast,mild,0,Leather_08,Leather_08|Leather_167|Leather_10,True,True,0.910582,0.114584
"dinov2_vits14 + augmentation prototypes, N=30",42,my_dataset_test_filtered\Leather_08\1750407629336.jpg,Leather_08,color_jitter,mild,0,Leather_08,Leather_08|Leather_10|Leather_167,True,True,0.910709,0.116298
"dinov2_vits14 + augmentation prototypes, N=30",42,my_dataset_test_filtered\Leather_08\1750407629336.jpg,Leather_08,gaussian_blur,mild,0,Leather_08,Leather_08|Leather_10|Leather_167,True,True,0.911766,0.108307
"dinov2_vits14 + augmentation prototypes, N=30",42,my_dataset_test_filtered\Leather_08\1750407629336.jpg,Leather_08,gaussian_noise,mild,0,Leather_08,Leather_08|Leather_167|Leather_159,True,True,0.918512,0.112846
"dinov2_vits14 + augmentation prototypes, N=30",42,my_dataset_test_filtered\Leather_08\1750407629336.jpg,Leather_08,jpeg_compression,mild,0,Leather_08,Leather_08|Leather_167|Leather_10,True,True,0.89952,0.112004
"dinov2_vits14 + augmentation prototypes, N=30",42,my_dataset_test_filtered\Leather_08\1750407629336.jpg,Leather_08,rotation,mild,0,Leather_08,Leather_08|Leather_167|Leather_159,True,True,0.894438,0.140778
"dinov2_vits14 + augmentation prototypes, N=30",42,my_dataset_test_filtered\Leather_08\1750407629336.jpg,Leather_08,crop_scale,mild,0,Leather_08,Leather_08|Leather_10|Leather_159,True,True,0.915342,0.098162
"dinov2_vits14 + augmentation prototypes, N=30",42,my_dataset_test_filtered\Leather_09\1750407738276.jpg,Leather_09,brightness,mild,0,Leather_09,Leather_09|Leather_19|Leather_24,True,True,0.757862,0.19439
"dinov2_vits14 + augmentation prototypes, N=30",42,my_dataset_test_filtered\Leather_09\1750407738276.jpg,Leather_09,contrast,mild,0,Leather_09,Leather_09|Leather_19|Leather_199,True,True,0.765107,0.199343
"dinov2_vits14 + augmentation prototypes, N=30",42,my_dataset_test_filtered\Leather_09\1750407738276.jpg,Leather_09,color_jitter,mild,0,Leather_09,Leather_09|Leather_19|Leather_199,True,True,0.733213,0.195258
"dinov2_vits14 + augmentation prototypes, N=30",42,my_dataset_test_filtered\Leather_09\1750407738276.jpg,Leather_09,gaussian_blur,mild,0,Leather_09,Leather_09|Leather_19|Leather_199,True,True,0.751868,0.206737
"dinov2_vits14 + augmentation prototypes, N=30",42,my_dataset_test_filtered\Leather_09\1750407738276.jpg,Leather_09,gaussian_noise,mild,0,Leather_09,Leather_09|Leather_19|Leather_14,True,True,0.687156,0.127396
"dinov2_vits14 + augmentation prototypes, N=30",42,my_dataset_test_filtered\Leather_09\1750407738276.jpg,Leather_09,jpeg_compression,mild,0,Leather_09,Leather_09|Leather_19|Leather_24,True,True,0.748816,0.191925
"dinov2_vits14 + augmentation prototypes, N=30",42,my_dataset_test_filtered\Leather_09\1750407738276.jpg,Leather_09,rotation,mild,0,Leather_09,Leather_09|Leather_19|Leather_172,True,True,0.746604,0.241903
"dinov2_vits14 + augmentation prototypes, N=30",42,my_dataset_test_filtered\Leather_09\1750407738276.jpg,Leather_09,crop_scale,mild,0,Leather_09,Leather_09|Leather_19|Leather_199,True,True,0.715165,0.180951
"dinov2_vits14 + augmentation prototypes, N=30",42,my_dataset_test_filtered\Leather_10\1750408020242.jpg,Leather_10,brightness,mild,0,Leather_10,Leather_10|Leather_16|Leather_170,True,True,0.869904,0.069295
"dinov2_vits14 + augmentation prototypes, N=30",42,my_dataset_test_filtered\Leather_10\1750408020242.jpg,Leather_10,contrast,mild,0,Leather_10,Leather_10|Leather_16|Leather_170,True,True,0.868653,0.067306
"dinov2_vits14 + augmentation prototypes, N=30",42,my_dataset_test_filtered\Leather_10\1750408020242.jpg,Leather_10,color_jitter,mild,0,Leather_10,Leather_10|Leather_16|Leather_170,True,True,0.882671,0.085096
"dinov2_vits14 + augmentation prototypes, N=30",42,my_dataset_test_filtered\Leather_10\1750408020242.jpg,Leather_10,gaussian_blur,mild,0,Leather_10,Leather_10|Leather_16|Leather_170,True,True,0.878546,0.07789
"dinov2_vits14 + augmentation prototypes, N=30",42,my_dataset_test_filtered\Leather_10\1750408020242.jpg,Leather_10,gaussian_noise,mild,0,Leather_10,Leather_10|Leather_16|Leather_170,True,True,0.858793,0.073336
"dinov2_vits14 + augmentation prototypes, N=30",42,my_dataset_test_filtered\Leather_10\1750408020242.jpg,Leather_10,jpeg_compression,mild,0,Leather_10,Leather_10|Leather_16|Leather_170,True,True,0.892447,0.085505
"dinov2_vits14 + augmentation prototypes, N=30",42,my_dataset_test_filtered\Leather_10\1750408020242.jpg,Leather_10,rotation,mild,0,Leather_10,Leather_10|Leather_08|Leather_167,True,True,0.790233,0.049594
"dinov2_vits14 + augmentation prototypes, N=30",42,my_dataset_test_filtered\Leather_10\1750408020242.jpg,Leather_10,crop_scale,mild,0,Leather_10,Leather_10|Leather_170|Leather_16,True,True,0.899335,0.097765
"dinov2_vits14 + augmentation prototypes, N=30",42,my_dataset_test_filtered\Leather_100\1750488394024.jpg,Leather_100,brightness,mild,0,Leather_100,Leather_100|Leather_106|Leather_98,True,True,0.959854,0.296781
"dinov2_vits14 + augmentation prototypes, N=30",42,my_dataset_test_filtered\Leather_100\1750488394024.jpg,Leather_100,contrast,mild,0,Leather_100,Leather_100|Leather_106|Leather_98,True,True,0.960971,0.284418
"dinov2_vits14 + augmentation prototypes, N=30",42,my_dataset_test_filtered\Leather_100\1750488394024.jpg,Leather_100,color_jitter,mild,0,Leather_100,Leather_100|Leather_106|Leather_98,True,True,0.945618,0.315072
"dinov2_vits14 + augmentation prototypes, N=30",42,my_dataset_test_filtered\Leather_100\1750488394024.jpg,Leather_100,gaussian_blur,mild,0,Leather_100,Leather_100|Leather_106|Leather_98,True,True,0.961138,0.302427
"dinov2_vits14 + augmentation prototypes, N=30",42,my_dataset_test_filtered\Leather_100\1750488394024.jpg,Leather_100,gaussian_noise,mild,0,Leather_100,Leather_100|Leather_106|Leather_98,True,True,0.960891,0.302408
"dinov2_vits14 + augmentation prototypes, N=30",42,my_dataset_test_filtered\Leather_100\1750488394024.jpg,Leather_100,jpeg_compression,mild,0,Leather_100,Leather_100|Leather_106|Leather_98,True,True,0.95996,0.298795
"dinov2_vits14 + augmentation prototypes, N=30",42,my_dataset_test_filtered\Leather_100\1750488394024.jpg,Leather_100,rotation,mild,0,Leather_100,Leather_100|Leather_79|Leather_106,True,True,0.817514,0.276611
"dinov2_vits14 + augmentation prototypes, N=30",42,my_dataset_test_filtered\Leather_100\1750488394024.jpg,Leather_100,crop_scale,mild,0,Leather_100,Leather_100|Leather_106|Leather_98,True,True,0.924115,0.208511
"dinov2_vits14 + augmentation prototypes, N=30",42,my_dataset_test_filtered\Leather_101\1750488471484.jpg,Leather_101,brightness,mild,0,Leather_101,Leather_101|Leather_89|Leather_91,True,True,0.874789,0.197036
"dinov2_vits14 + augmentation prototypes, N=30",42,my_dataset_test_filtered\Leather_101\1750488471484.jpg,Leather_101,contrast,mild,0,Leather_101,Leather_101|Leather_89|Leather_91,True,True,0.874728,0.199258
"dinov2_vits14 + augmentation prototypes, N=30",42,my_dataset_test_filtered\Leather_101\1750488471484.jpg,Leather_101,color_jitter,mild,0,Leather_101,Leather_101|Leather_89|Leather_91,True,True,0.877792,0.199168
"dinov2_vits14 + augmentation prototypes, N=30",42,my_dataset_test_filtered\Leather_101\1750488471484.jpg,Leather_101,gaussian_blur,mild,0,Leather_101,Leather_101|Leather_89|Leather_91,True,True,0.878123,0.202215
"dinov2_vits14 + augmentation prototypes, N=30",42,my_dataset_test_filtered\Leather_101\1750488471484.jpg,Leather_101,gaussian_noise,mild,0,Leather_101,Leather_101|Leather_89|Leather_91,True,True,0.889016,0.205299
"dinov2_vits14 + augmentation prototypes, N=30",42,my_dataset_test_filtered\Leather_101\1750488471484.jpg,Leather_101,jpeg_compression,mild,0,Leather_101,Leather_101|Leather_89|Leather_91,True,True,0.883952,0.200039
"dinov2_vits14 + augmentation prototypes, N=30",42,my_dataset_test_filtered\Leather_101\1750488471484.jpg,Leather_101,rotation,mild,0,Leather_101,Leather_101|Leather_89|Leather_91,True,True,0.878137,0.219822
"dinov2_vits14 + augmentation prototypes, N=30",42,my_dataset_test_filtered\Leather_101\1750488471484.jpg,Leather_101,crop_scale,mild,0,Leather_101,Leather_101|Leather_89|Leather_149,True,True,0.898504,0.211943
"dinov2_vits14 + augmentation prototypes, N=30",42,my_dataset_test_filtered\Leather_102\1750488520146.jpg,Leather_102,brightness,mild,0,Leather_102,Leather_102|Leather_106|Leather_103,True,True,0.734673,0.113741
"dinov2_vits14 + augmentation prototypes, N=30",42,my_dataset_test_filtered\Leather_102\1750488520146.jpg,Leather_102,contrast,mild,0,Leather_102,Leather_102|Leather_106|Leather_103,True,True,0.737166,0.11035
"dinov2_vits14 + augmentation prototypes, N=30",42,my_dataset_test_filtered\Leather_102\1750488520146.jpg,Leather_102,color_jitter,mild,0,Leather_102,Leather_102|Leather_106|Leather_103,True,True,0.747546,0.129154
"dinov2_vits14 + augmentation prototypes, N=30",42,my_dataset_test_filtered\Leather_102\1750488520146.jpg,Leather_102,gaussian_blur,mild,0,Leather_102,Leather_102|Leather_106|Leather_103,True,True,0.733012,0.121073
"dinov2_vits14 + augmentation prototypes, N=30",42,my_dataset_test_filtered\Leather_102\1750488520146.jpg,Leather_102,gaussian_noise,mild,0,Leather_102,Leather_102|Leather_106|Leather_103,True,True,0.740439,0.124998
"dinov2_vits14 + augmentation prototypes, N=30",42,my_dataset_test_filtered\Leather_102\1750488520146.jpg,Leather_102,jpeg_compression,mild,0,Leather_102,Leather_102|Leather_106|Leather_103,True,True,0.74835,0.122438
"dinov2_vits14 + augmentation prototypes, N=30",42,my_dataset_test_filtered\Leather_102\1750488520146.jpg,Leather_102,rotation,mild,0,Leather_102,Leather_102|Leather_106|Leather_103,True,True,0.757208,0.113923
"dinov2_vits14 + augmentation prototypes, N=30",42,my_dataset_test_filtered\Leather_102\1750488520146.jpg,Leather_102,crop_scale,mild,0,Leather_102,Leather_102|Leather_103|Leather_106,True,True,0.830641,0.167114
"dinov2_vits14 + augmentation prototypes, N=30",42,my_dataset_test_filtered\Leather_103\1750488677028.jpg,Leather_103,brightness,mild,0,Leather_103,Leather_103|Leather_102|Leather_88,True,True,0.916933,0.204611
"dinov2_vits14 + augmentation prototypes, N=30",42,my_dataset_test_filtered\Leather_103\1750488677028.jpg,Leather_103,contrast,mild,0,Leather_103,Leather_103|Leather_102|Leather_88,True,True,0.911882,0.228031
"dinov2_vits14 + augmentation prototypes, N=30",42,my_dataset_test_filtered\Leather_103\1750488677028.jpg,Leather_103,color_jitter,mild,0,Leather_103,Leather_103|Leather_102|Leather_88,True,True,0.918183,0.214722
"dinov2_vits14 + augmentation prototypes, N=30",42,my_dataset_test_filtered\Leather_103\1750488677028.jpg,Leather_103,gaussian_blur,mild,0,Leather_103,Leather_103|Leather_102|Leather_88,True,True,0.918091,0.212569
"dinov2_vits14 + augmentation prototypes, N=30",42,my_dataset_test_filtered\Leather_103\1750488677028.jpg,Leather_103,gaussian_noise,mild,0,Leather_103,Leather_103|Leather_102|Leather_88,True,True,0.916926,0.213621
"dinov2_vits14 + augmentation prototypes, N=30",42,my_dataset_test_filtered\Leather_103\1750488677028.jpg,Leather_103,jpeg_compression,mild,0,Leather_103,Leather_103|Leather_102|Leather_88,True,True,0.918367,0.213804
"dinov2_vits14 + augmentation prototypes, N=30",42,my_dataset_test_filtered\Leather_103\1750488677028.jpg,Leather_103,rotation,mild,0,Leather_103,Leather_103|Leather_102|Leather_88,True,True,0.902742,0.146669
"dinov2_vits14 + augmentation prototypes, N=30",42,my_dataset_test_filtered\Leather_103\1750488677028.jpg,Leather_103,crop_scale,mild,0,Leather_103,Leather_103|Leather_102|Leather_106,True,True,0.918729,0.130158
"dinov2_vits14 + augmentation prototypes, N=30",42,my_dataset_test_filtered\Leather_104\1750488725312.jpg,Leather_104,brightness,mild,0,Leather_104,Leather_104|Leather_105|Leather_88,True,True,0.908797,0.109711
"dinov2_vits14 + augmentation prototypes, N=30",42,my_dataset_test_filtered\Leather_104\1750488725312.jpg,Leather_104,contrast,mild,0,Leather_104,Leather_104|Leather_105|Leather_88,True,True,0.903469,0.104962
"dinov2_vits14 + augmentation prototypes, N=30",42,my_dataset_test_filtered\Leather_104\1750488725312.jpg,Leather_104,color_jitter,mild,0,Leather_104,Leather_104|Leather_105|Leather_88,True,True,0.909229,0.1062
"dinov2_vits14 + augmentation prototypes, N=30",42,my_dataset_test_filtered\Leather_104\1750488725312.jpg,Leather_104,gaussian_blur,mild,0,Leather_104,Leather_104|Leather_105|Leather_88,True,True,0.9049,0.113793
"dinov2_vits14 + augmentation prototypes, N=30",42,my_dataset_test_filtered\Leather_104\1750488725312.jpg,Leather_104,gaussian_noise,mild,0,Leather_104,Leather_104|Leather_105|Leather_88,True,True,0.906888,0.10705
"dinov2_vits14 + augmentation prototypes, N=30",42,my_dataset_test_filtered\Leather_104\1750488725312.jpg,Leather_104,jpeg_compression,mild,0,Leather_104,Leather_104|Leather_105|Leather_88,True,True,0.904736,0.102436
"dinov2_vits14 + augmentation prototypes, N=30",42,my_dataset_test_filtered\Leather_104\1750488725312.jpg,Leather_104,rotation,mild,0,Leather_104,Leather_104|Leather_105|Leather_117,True,True,0.901916,0.077701
"dinov2_vits14 + augmentation prototypes, N=30",42,my_dataset_test_filtered\Leather_104\1750488725312.jpg,Leather_104,crop_scale,mild,0,Leather_104,Leather_104|Leather_105|Leather_146,True,True,0.932561,0.079705
"dinov2_vits14 + augmentation prototypes, N=30",42,my_dataset_test_filtered\Leather_105\1750488787557.jpg,Leather_105,brightness,mild,0,Leather_105,Leather_105|Leather_104|Leather_117,True,True,0.932325,0.114411
"dinov2_vits14 + augmentation prototypes, N=30",42,my_dataset_test_filtered\Leather_105\1750488787557.jpg,Leather_105,contrast,mild,0,Leather_105,Leather_105|Leather_104|Leather_117,True,True,0.929286,0.114193
"dinov2_vits14 + augmentation prototypes, N=30",42,my_dataset_test_filtered\Leather_105\1750488787557.jpg,Leather_105,color_jitter,mild,0,Leather_105,Leather_105|Leather_104|Leather_146,True,True,0.928983,0.119358
"dinov2_vits14 + augmentation prototypes, N=30",42,my_dataset_test_filtered\Leather_105\1750488787557.jpg,Leather_105,gaussian_blur,mild,0,Leather_105,Leather_105|Leather_104|Leather_146,True,True,0.927377,0.112936
"dinov2_vits14 + augmentation prototypes, N=30",42,my_dataset_test_filtered\Leather_105\1750488787557.jpg,Leather_105,gaussian_noise,mild,0,Leather_105,Leather_105|Leather_104|Leather_117,True,True,0.933112,0.117808
"dinov2_vits14 + augmentation prototypes, N=30",42,my_dataset_test_filtered\Leather_105\1750488787557.jpg,Leather_105,jpeg_compression,mild,0,Leather_105,Leather_105|Leather_104|Leather_117,True,True,0.93186,0.119337
"dinov2_vits14 + augmentation prototypes, N=30",42,my_dataset_test_filtered\Leather_105\1750488787557.jpg,Leather_105,rotation,mild,0,Leather_105,Leather_105|Leather_104|Leather_146,True,True,0.905006,0.133699
"dinov2_vits14 + augmentation prototypes, N=30",42,my_dataset_test_filtered\Leather_105\1750488787557.jpg,Leather_105,crop_scale,mild,0,Leather_105,Leather_105|Leather_104|Leather_117,True,True,0.955728,0.109514
"dinov2_vits14 + augmentation prototypes, N=30",42,my_dataset_test_filtered\Leather_106\1750488902223.jpg,Leather_106,brightness,mild,0,Leather_106,Leather_106|Leather_89|Leather_30,True,True,0.922049,0.157689
"dinov2_vits14 + augmentation prototypes, N=30",42,my_dataset_test_filtered\Leather_106\1750488902223.jpg,Leather_106,contrast,mild,0,Leather_106,Leather_106|Leather_89|Leather_30,True,True,0.919006,0.156295
"dinov2_vits14 + augmentation prototypes, N=30",42,my_dataset_test_filtered\Leather_106\1750488902223.jpg,Leather_106,color_jitter,mild,0,Leather_106,Leather_106|Leather_30|Leather_89,True,True,0.92895,0.1707
"dinov2_vits14 + augmentation prototypes, N=30",42,my_dataset_test_filtered\Leather_106\1750488902223.jpg,Leather_106,gaussian_blur,mild,0,Leather_106,Leather_106|Leather_89|Leather_30,True,True,0.906582,0.133278
"dinov2_vits14 + augmentation prototypes, N=30",42,my_dataset_test_filtered\Leather_106\1750488902223.jpg,Leather_106,gaussian_noise,mild,0,Leather_106,Leather_106|Leather_30|Leather_89,True,True,0.930856,0.17099
"dinov2_vits14 + augmentation prototypes, N=30",42,my_dataset_test_filtered\Leather_106\1750488902223.jpg,Leather_106,jpeg_compression,mild,0,Leather_106,Leather_106|Leather_89|Leather_30,True,True,0.926789,0.165906
"dinov2_vits14 + augmentation prototypes, N=30",42,my_dataset_test_filtered\Leather_106\1750488902223.jpg,Leather_106,rotation,mild,0,Leather_106,Leather_106|Leather_89|Leather_88,True,True,0.89813,0.131331
"dinov2_vits14 + augmentation prototypes, N=30",42,my_dataset_test_filtered\Leather_106\1750488902223.jpg,Leather_106,crop_scale,mild,0,Leather_106,Leather_106|Leather_30|Leather_64,True,True,0.944302,0.191519
"dinov2_vits14 + augmentation prototypes, N=30",42,my_dataset_test_filtered\Leather_107\1750488972633.jpg,Leather_107,brightness,mild,0,Leather_107,Leather_107|Leather_121|Leather_93,True,True,0.905047,0.227481
"dinov2_vits14 + augmentation prototypes, N=30",42,my_dataset_test_filtered\Leather_107\1750488972633.jpg,Leather_107,contrast,mild,0,Leather_107,Leather_107|Leather_121|Leather_93,True,True,0.907883,0.218103
"dinov2_vits14 + augmentation prototypes, N=30",42,my_dataset_test_filtered\Leather_107\1750488972633.jpg,Leather_107,color_jitter,mild,0,Leather_107,Leather_107|Leather_121|Leather_93,True,True,0.910502,0.230708
"dinov2_vits14 + augmentation prototypes, N=30",42,my_dataset_test_filtered\Leather_107\1750488972633.jpg,Leather_107,gaussian_blur,mild,0,Leather_107,Leather_107|Leather_121|Leather_93,True,True,0.896027,0.217622
"dinov2_vits14 + augmentation prototypes, N=30",42,my_dataset_test_filtered\Leather_107\1750488972633.jpg,Leather_107,gaussian_noise,mild,0,Leather_107,Leather_107|Leather_121|Leather_93,True,True,0.904708,0.221164
"dinov2_vits14 + augmentation prototypes, N=30",42,my_dataset_test_filtered\Leather_107\1750488972633.jpg,Leather_107,jpeg_compression,mild,0,Leather_107,Leather_107|Leather_121|Leather_93,True,True,0.902348,0.221142
"dinov2_vits14 + augmentation prototypes, N=30",42,my_dataset_test_filtered\Leather_107\1750488972633.jpg,Leather_107,rotation,mild,0,Leather_107,Leather_107|Leather_121|Leather_55,True,True,0.89368,0.203596
"dinov2_vits14 + augmentation prototypes, N=30",42,my_dataset_test_filtered\Leather_107\1750488972633.jpg,Leather_107,crop_scale,mild,0,Leather_107,Leather_107|Leather_121|Leather_93,True,True,0.949701,0.262011
"dinov2_vits14 + augmentation prototypes, N=30",42,my_dataset_test_filtered\Leather_108\1750489023876.jpg,Leather_108,brightness,mild,0,Leather_89,Leather_89|Leather_108|Leather_177,False,True,0.557703,0.026969
"dinov2_vits14 + augmentation prototypes, N=30",42,my_dataset_test_filtered\Leather_108\1750489023876.jpg,Leather_108,contrast,mild,0,Leather_89,Leather_89|Leather_108|Leather_177,False,True,0.56398,0.020731
"dinov2_vits14 + augmentation prototypes, N=30",42,my_dataset_test_filtered\Leather_108\1750489023876.jpg,Leather_108,color_jitter,mild,0,Leather_89,Leather_89|Leather_91|Leather_108,False,True,0.570719,0.03893
"dinov2_vits14 + augmentation prototypes, N=30",42,my_dataset_test_filtered\Leather_108\1750489023876.jpg,Leather_108,gaussian_blur,mild,0,Leather_89,Leather_89|Leather_177|Leather_108,False,True,0.556562,0.027062
"dinov2_vits14 + augmentation prototypes, N=30",42,my_dataset_test_filtered\Leather_108\1750489023876.jpg,Leather_108,gaussian_noise,mild,0,Leather_89,Leather_89|Leather_177|Leather_108,False,True,0.552247,0.020409
"dinov2_vits14 + augmentation prototypes, N=30",42,my_dataset_test_filtered\Leather_108\1750489023876.jpg,Leather_108,jpeg_compression,mild,0,Leather_89,Leather_89|Leather_177|Leather_108,False,True,0.559463,0.0268
"dinov2_vits14 + augmentation prototypes, N=30",42,my_dataset_test_filtered\Leather_108\1750489023876.jpg,Leather_108,rotation,mild,0,Leather_108,Leather_108|Leather_100|Leather_177,True,True,0.557405,0.025432
"dinov2_vits14 + augmentation prototypes, N=30",42,my_dataset_test_filtered\Leather_108\1750489023876.jpg,Leather_108,crop_scale,mild,0,Leather_108,Leather_108|Leather_106|Leather_89,True,True,0.790069,0.120737
"dinov2_vits14 + augmentation prototypes, N=30",42,my_dataset_test_filtered\Leather_109\1750489124023.jpg,Leather_109,brightness,mild,0,Leather_109,Leather_109|Leather_111|Leather_95,True,True,0.949786,0.151242
"dinov2_vits14 + augmentation prototypes, N=30",42,my_dataset_test_filtered\Leather_109\1750489124023.jpg,Leather_109,contrast,mild,0,Leather_109,Leather_109|Leather_111|Leather_95,True,True,0.945012,0.145225
"dinov2_vits14 + augmentation prototypes, N=30",42,my_dataset_test_filtered\Leather_109\1750489124023.jpg,Leather_109,color_jitter,mild,0,Leather_109,Leather_109|Leather_111|Leather_95,True,True,0.937612,0.135435
"dinov2_vits14 + augmentation prototypes, N=30",42,my_dataset_test_filtered\Leather_109\1750489124023.jpg,Leather_109,gaussian_blur,mild,0,Leather_109,Leather_109|Leather_111|Leather_95,True,True,0.946514,0.143828
"dinov2_vits14 + augmentation prototypes, N=30",42,my_dataset_test_filtered\Leather_109\1750489124023.jpg,Leather_109,gaussian_noise,mild,0,Leather_109,Leather_109|Leather_111|Leather_95,True,True,0.949971,0.138755
"dinov2_vits14 + augmentation prototypes, N=30",42,my_dataset_test_filtered\Leather_109\1750489124023.jpg,Leather_109,jpeg_compression,mild,0,Leather_109,Leather_109|Leather_111|Leather_95,True,True,0.946591,0.138225
"dinov2_vits14 + augmentation prototypes, N=30",42,my_dataset_test_filtered\Leather_109\1750489124023.jpg,Leather_109,rotation,mild,0,Leather_109,Leather_109|Leather_111|Leather_95,True,True,0.941098,0.132513
"dinov2_vits14 + augmentation prototypes, N=30",42,my_dataset_test_filtered\Leather_109\1750489124023.jpg,Leather_109,crop_scale,mild,0,Leather_109,Leather_109|Leather_111|Leather_95,True,True,0.957505,0.151419
"dinov2_vits14 + augmentation prototypes, N=30",42,my_dataset_test_filtered\Leather_11\1750408197526.jpg,Leather_11,brightness,mild,0,Leather_11,Leather_11|Leather_08|Leather_12,True,True,0.793039,0.06057
"dinov2_vits14 + augmentation prototypes, N=30",42,my_dataset_test_filtered\Leather_11\1750408197526.jpg,Leather_11,contrast,mild,0,Leather_11,Leather_11|Leather_164|Leather_12,True,True,0.773874,0.070968
"dinov2_vits14 + augmentation prototypes, N=30",42,my_dataset_test_filtered\Leather_11\1750408197526.jpg,Leather_11,color_jitter,mild,0,Leather_11,Leather_11|Leather_12|Leather_08,True,True,0.767089,0.064234
"dinov2_vits14 + augmentation prototypes, N=30",42,my_dataset_test_filtered\Leather_11\1750408197526.jpg,Leather_11,gaussian_blur,mild,0,Leather_11,Leather_11|Leather_08|Leather_12,True,True,0.770874,0.069526
"dinov2_vits14 + augmentation prototypes, N=30",42,my_dataset_test_filtered\Leather_11\1750408197526.jpg,Leather_11,gaussian_noise,mild,0,Leather_11,Leather_11|Leather_186|Leather_164,True,True,0.71633,0.021741
"dinov2_vits14 + augmentation prototypes, N=30",42,my_dataset_test_filtered\Leather_11\1750408197526.jpg,Leather_11,jpeg_compression,mild,0,Leather_11,Leather_11|Leather_164|Leather_154,True,True,0.733679,0.009349
"dinov2_vits14 + augmentation prototypes, N=30",42,my_dataset_test_filtered\Leather_11\1750408197526.jpg,Leather_11,rotation,mild,0,Leather_11,Leather_11|Leather_164|Leather_154,True,True,0.703486,0.020958
"dinov2_vits14 + augmentation prototypes, N=30",42,my_dataset_test_filtered\Leather_11\1750408197526.jpg,Leather_11,crop_scale,mild,0,Leather_11,Leather_11|Leather_186|Leather_12,True,True,0.922216,0.089783
"dinov2_vits14 + augmentation prototypes, N=30",42,my_dataset_test_filtered\Leather_110\1750489176801.jpg,Leather_110,brightness,mild,0,Leather_110,Leather_110|Leather_87|Leather_113,True,True,0.933765,0.178997
"dinov2_vits14 + augmentation prototypes, N=30",42,my_dataset_test_filtered\Leather_110\1750489176801.jpg,Leather_110,contrast,mild,0,Leather_110,Leather_110|Leather_87|Leather_113,True,True,0.929129,0.175276
"dinov2_vits14 + augmentation prototypes, N=30",42,my_dataset_test_filtered\Leather_110\1750489176801.jpg,Leather_110,color_jitter,mild,0,Leather_110,Leather_110|Leather_87|Leather_113,True,True,0.934567,0.181665
"dinov2_vits14 + augmentation prototypes, N=30",42,my_dataset_test_filtered\Leather_110\1750489176801.jpg,Leather_110,gaussian_blur,mild,0,Leather_110,Leather_110|Leather_87|Leather_113,True,True,0.934861,0.177612
"dinov2_vits14 + augmentation prototypes, N=30",42,my_dataset_test_filtered\Leather_110\1750489176801.jpg,Leather_110,gaussian_noise,mild,0,Leather_110,Leather_110|Leather_87|Leather_113,True,True,0.937972,0.183347
"dinov2_vits14 + augmentation prototypes, N=30",42,my_dataset_test_filtered\Leather_110\1750489176801.jpg,Leather_110,jpeg_compression,mild,0,Leather_110,Leather_110|Leather_87|Leather_113,True,True,0.934119,0.180379
"dinov2_vits14 + augmentation prototypes, N=30",42,my_dataset_test_filtered\Leather_110\1750489176801.jpg,Leather_110,rotation,mild,0,Leather_110,Leather_110|Leather_87|Leather_113,True,True,0.925489,0.180149
"dinov2_vits14 + augmentation prototypes, N=30",42,my_dataset_test_filtered\Leather_110\1750489176801.jpg,Leather_110,crop_scale,mild,0,Leather_110,Leather_110|Leather_113|Leather_87,True,True,0.94624,0.209853
"dinov2_vits14 + augmentation prototypes, N=30",42,my_dataset_test_filtered\Leather_111\1750489227871.jpg,Leather_111,brightness,mild,0,Leather_111,Leather_111|Leather_109|Leather_146,True,True,0.907071,0.105689
"dinov2_vits14 + augmentation prototypes, N=30",42,my_dataset_test_filtered\Leather_111\1750489227871.jpg,Leather_111,contrast,mild,0,Leather_111,Leather_111|Leather_109|Leather_146,True,True,0.906555,0.103996
"dinov2_vits14 + augmentation prototypes, N=30",42,my_dataset_test_filtered\Leather_111\1750489227871.jpg,Leather_111,color_jitter,mild,0,Leather_111,Leather_111|Leather_109|Leather_146,True,True,0.910847,0.108636
"dinov2_vits14 + augmentation prototypes, N=30",42,my_dataset_test_filtered\Leather_111\1750489227871.jpg,Leather_111,gaussian_blur,mild,0,Leather_111,Leather_111|Leather_109|Leather_146,True,True,0.91117,0.109784
"dinov2_vits14 + augmentation prototypes, N=30",42,my_dataset_test_filtered\Leather_111\1750489227871.jpg,Leather_111,gaussian_noise,mild,0,Leather_111,Leather_111|Leather_109|Leather_146,True,True,0.912402,0.113615
"dinov2_vits14 + augmentation prototypes, N=30",42,my_dataset_test_filtered\Leather_111\1750489227871.jpg,Leather_111,jpeg_compression,mild,0,Leather_111,Leather_111|Leather_109|Leather_146,True,True,0.910415,0.10892
"dinov2_vits14 + augmentation prototypes, N=30",42,my_dataset_test_filtered\Leather_111\1750489227871.jpg,Leather_111,rotation,mild,0,Leather_111,Leather_111|Leather_109|Leather_105,True,True,0.818319,0.075852
"dinov2_vits14 + augmentation prototypes, N=30",42,my_dataset_test_filtered\Leather_111\1750489227871.jpg,Leather_111,crop_scale,mild,0,Leather_111,Leather_111|Leather_109|Leather_146,True,True,0.956105,0.107186
"dinov2_vits14 + augmentation prototypes, N=30",42,my_dataset_test_filtered\Leather_112\1750489281422.jpg,Leather_112,brightness,mild,0,Leather_112,Leather_112|Leather_114|Leather_113,True,True,0.963231,0.067793
"dinov2_vits14 + augmentation prototypes, N=30",42,my_dataset_test_filtered\Leather_112\1750489281422.jpg,Leather_112,contrast,mild,0,Leather_112,Leather_112|Leather_114|Leather_113,True,True,0.962902,0.068225
"dinov2_vits14 + augmentation prototypes, N=30",42,my_dataset_test_filtered\Leather_112\1750489281422.jpg,Leather_112,color_jitter,mild,0,Leather_112,Leather_112|Leather_114|Leather_113,True,True,0.965282,0.071814
"dinov2_vits14 + augmentation prototypes, N=30",42,my_dataset_test_filtered\Leather_112\1750489281422.jpg,Leather_112,gaussian_blur,mild,0,Leather_112,Leather_112|Leather_114|Leather_113,True,True,0.961969,0.066731
"dinov2_vits14 + augmentation prototypes, N=30",42,my_dataset_test_filtered\Leather_112\1750489281422.jpg,Leather_112,gaussian_noise,mild,0,Leather_112,Leather_112|Leather_114|Leather_113,True,True,0.964849,0.067617
"dinov2_vits14 + augmentation prototypes, N=30",42,my_dataset_test_filtered\Leather_112\1750489281422.jpg,Leather_112,jpeg_compression,mild,0,Leather_112,Leather_112|Leather_114|Leather_113,True,True,0.964828,0.067535
"dinov2_vits14 + augmentation prototypes, N=30",42,my_dataset_test_filtered\Leather_112\1750489281422.jpg,Leather_112,rotation,mild,0,Leather_112,Leather_112|Leather_114|Leather_115,True,True,0.900089,0.051588
"dinov2_vits14 + augmentation prototypes, N=30",42,my_dataset_test_filtered\Leather_112\1750489281422.jpg,Leather_112,crop_scale,mild,0,Leather_112,Leather_112|Leather_114|Leather_113,True,True,0.966885,0.071945
"dinov2_vits14 + augmentation prototypes, N=30",42,my_dataset_test_filtered\Leather_113\1750489326154.jpg,Leather_113,brightness,mild,0,Leather_113,Leather_113|Leather_114|Leather_112,True,True,0.959173,0.089568
"dinov2_vits14 + augmentation prototypes, N=30",42,my_dataset_test_filtered\Leather_113\1750489326154.jpg,Leather_113,contrast,mild,0,Leather_113,Leather_113|Leather_114|Leather_112,True,True,0.959222,0.09352
"dinov2_vits14 + augmentation prototypes, N=30",42,my_dataset_test_filtered\Leather_113\1750489326154.jpg,Leather_113,color_jitter,mild,0,Leather_113,Leather_113|Leather_114|Leather_112,True,True,0.961057,0.08539
"dinov2_vits14 + augmentation prototypes, N=30",42,my_dataset_test_filtered\Leather_113\1750489326154.jpg,Leather_113,gaussian_blur,mild,0,Leather_113,Leather_113|Leather_114|Leather_112,True,True,0.959294,0.088625
"dinov2_vits14 + augmentation prototypes, N=30",42,my_dataset_test_filtered\Leather_113\1750489326154.jpg,Leather_113,gaussian_noise,mild,0,Leather_113,Leather_113|Leather_114|Leather_112,True,True,0.961131,0.087671
"dinov2_vits14 + augmentation prototypes, N=30",42,my_dataset_test_filtered\Leather_113\1750489326154.jpg,Leather_113,jpeg_compression,mild,0,Leather_113,Leather_113|Leather_114|Leather_112,True,True,0.961101,0.087936
"dinov2_vits14 + augmentation prototypes, N=30",42,my_dataset_test_filtered\Leather_113\1750489326154.jpg,Leather_113,rotation,mild,0,Leather_113,Leather_113|Leather_114|Leather_112,True,True,0.960601,0.071916
"dinov2_vits14 + augmentation prototypes, N=30",42,my_dataset_test_filtered\Leather_113\1750489326154.jpg,Leather_113,crop_scale,mild,0,Leather_113,Leather_113|Leather_114|Leather_112,True,True,0.972333,0.091395
"dinov2_vits14 + augmentation prototypes, N=30",42,my_dataset_test_filtered\Leather_114\1750489373490.jpg,Leather_114,brightness,mild,0,Leather_114,Leather_114|Leather_112|Leather_113,True,True,0.947252,0.109913
"dinov2_vits14 + augmentation prototypes, N=30",42,my_dataset_test_filtered\Leather_114\1750489373490.jpg,Leather_114,contrast,mild,0,Leather_114,Leather_114|Leather_112|Leather_113,True,True,0.947653,0.105089
"dinov2_vits14 + augmentation prototypes, N=30",42,my_dataset_test_filtered\Leather_114\1750489373490.jpg,Leather_114,color_jitter,mild,0,Leather_114,Leather_114|Leather_112|Leather_113,True,True,0.950882,0.106728
"dinov2_vits14 + augmentation prototypes, N=30",42,my_dataset_test_filtered\Leather_114\1750489373490.jpg,Leather_114,gaussian_blur,mild,0,Leather_114,Leather_114|Leather_112|Leather_113,True,True,0.947343,0.111795
"dinov2_vits14 + augmentation prototypes, N=30",42,my_dataset_test_filtered\Leather_114\1750489373490.jpg,Leather_114,gaussian_noise,mild,0,Leather_114,Leather_114|Leather_112|Leather_113,True,True,0.950959,0.109288
"dinov2_vits14 + augmentation prototypes, N=30",42,my_dataset_test_filtered\Leather_114\1750489373490.jpg,Leather_114,jpeg_compression,mild,0,Leather_114,Leather_114|Leather_112|Leather_113,True,True,0.946361,0.113974
"dinov2_vits14 + augmentation prototypes, N=30",42,my_dataset_test_filtered\Leather_114\1750489373490.jpg,Leather_114,rotation,mild,0,Leather_114,Leather_114|Leather_113|Leather_112,True,True,0.930512,0.08995
"dinov2_vits14 + augmentation prototypes, N=30",42,my_dataset_test_filtered\Leather_114\1750489373490.jpg,Leather_114,crop_scale,mild,0,Leather_114,Leather_114|Leather_112|Leather_113,True,True,0.949197,0.076954
"dinov2_vits14 + augmentation prototypes, N=30",42,my_dataset_test_filtered\Leather_115\1750489423499.jpg,Leather_115,brightness,mild,0,Leather_115,Leather_115|Leather_112|Leather_114,True,True,0.963833,0.127806
"dinov2_vits14 + augmentation prototypes, N=30",42,my_dataset_test_filtered\Leather_115\1750489423499.jpg,Leather_115,contrast,mild,0,Leather_115,Leather_115|Leather_112|Leather_114,True,True,0.963222,0.126978
"dinov2_vits14 + augmentation prototypes, N=30",42,my_dataset_test_filtered\Leather_115\1750489423499.jpg,Leather_115,color_jitter,mild,0,Leather_115,Leather_115|Leather_112|Leather_114,True,True,0.964921,0.124866
"dinov2_vits14 + augmentation prototypes, N=30",42,my_dataset_test_filtered\Leather_115\1750489423499.jpg,Leather_115,gaussian_blur,mild,0,Leather_115,Leather_115|Leather_112|Leather_114,True,True,0.963438,0.130053
"dinov2_vits14 + augmentation prototypes, N=30",42,my_dataset_test_filtered\Leather_115\1750489423499.jpg,Leather_115,gaussian_noise,mild,0,Leather_115,Leather_115|Leather_112|Leather_114,True,True,0.965027,0.126072
"dinov2_vits14 + augmentation prototypes, N=30",42,my_dataset_test_filtered\Leather_115\1750489423499.jpg,Leather_115,jpeg_compression,mild,0,Leather_115,Leather_115|Leather_112|Leather_114,True,True,0.965043,0.125791
"dinov2_vits14 + augmentation prototypes, N=30",42,my_dataset_test_filtered\Leather_115\1750489423499.jpg,Leather_115,rotation,mild,0,Leather_115,Leather_115|Leather_112|Leather_114,True,True,0.971276,0.151672
"dinov2_vits14 + augmentation prototypes, N=30",42,my_dataset_test_filtered\Leather_115\1750489423499.jpg,Leather_115,crop_scale,mild,0,Leather_115,Leather_115|Leather_112|Leather_114,True,True,0.977422,0.157563
"dinov2_vits14 + augmentation prototypes, N=30",42,my_dataset_test_filtered\Leather_116\1750489535803.jpg,Leather_116,brightness,mild,0,Leather_116,Leather_116|Leather_93|Leather_108,True,True,0.794559,0.039989
"dinov2_vits14 + augmentation prototypes, N=30",42,my_dataset_test_filtered\Leather_116\1750489535803.jpg,Leather_116,contrast,mild,0,Leather_116,Leather_116|Leather_93|Leather_108,True,True,0.787014,0.030294
"dinov2_vits14 + augmentation prototypes, N=30",42,my_dataset_test_filtered\Leather_116\1750489535803.jpg,Leather_116,color_jitter,mild,0,Leather_116,Leather_116|Leather_93|Leather_190,True,True,0.737414,0.028199
"dinov2_vits14 + augmentation prototypes, N=30",42,my_dataset_test_filtered\Leather_116\1750489535803.jpg,Leather_116,gaussian_blur,mild,0,Leather_116,Leather_116|Leather_93|Leather_108,True,True,0.799372,0.040426
"dinov2_vits14 + augmentation prototypes, N=30",42,my_dataset_test_filtered\Leather_116\1750489535803.jpg,Leather_116,gaussian_noise,mild,0,Leather_116,Leather_116|Leather_93|Leather_108,True,True,0.765457,0.029544
"dinov2_vits14 + augmentation prototypes, N=30",42,my_dataset_test_filtered\Leather_116\1750489535803.jpg,Leather_116,jpeg_compression,mild,0,Leather_116,Leather_116|Leather_93|Leather_108,True,True,0.762958,0.02567
"dinov2_vits14 + augmentation prototypes, N=30",42,my_dataset_test_filtered\Leather_116\1750489535803.jpg,Leather_116,rotation,mild,0,Leather_116,Leather_116|Leather_93|Leather_108,True,True,0.814142,0.050567
"dinov2_vits14 + augmentation prototypes, N=30",42,my_dataset_test_filtered\Leather_116\1750489535803.jpg,Leather_116,crop_scale,mild,0,Leather_116,Leather_116|Leather_93|Leather_108,True,True,0.869029,0.073104
"dinov2_vits14 + augmentation prototypes, N=30",42,my_dataset_test_filtered\Leather_117\1750489573511.jpg,Leather_117,brightness,mild,0,Leather_117,Leather_117|Leather_82|Leather_105,True,True,0.928615,0.119243
"dinov2_vits14 + augmentation prototypes, N=30",42,my_dataset_test_filtered\Leather_117\1750489573511.jpg,Leather_117,contrast,mild,0,Leather_117,Leather_117|Leather_105|Leather_82,True,True,0.924742,0.124474
"dinov2_vits14 + augmentation prototypes, N=30",42,my_dataset_test_filtered\Leather_117\1750489573511.jpg,Leather_117,color_jitter,mild,0,Leather_117,Leather_117|Leather_82|Leather_105,True,True,0.925217,0.117307
"dinov2_vits14 + augmentation prototypes, N=30",42,my_dataset_test_filtered\Leather_117\1750489573511.jpg,Leather_117,gaussian_blur,mild,0,Leather_117,Leather_117|Leather_82|Leather_105,True,True,0.936035,0.118678
"dinov2_vits14 + augmentation prototypes, N=30",42,my_dataset_test_filtered\Leather_117\1750489573511.jpg,Leather_117,gaussian_noise,mild,0,Leather_117,Leather_117|Leather_82|Leather_105,True,True,0.932771,0.115841
"dinov2_vits14 + augmentation prototypes, N=30",42,my_dataset_test_filtered\Leather_117\1750489573511.jpg,Leather_117,jpeg_compression,mild,0,Leather_117,Leather_117|Leather_82|Leather_105,True,True,0.932422,0.118672
"dinov2_vits14 + augmentation prototypes, N=30",42,my_dataset_test_filtered\Leather_117\1750489573511.jpg,Leather_117,rotation,mild,0,Leather_117,Leather_117|Leather_105|Leather_104,True,True,0.930127,0.085329
"dinov2_vits14 + augmentation prototypes, N=30",42,my_dataset_test_filtered\Leather_117\1750489573511.jpg,Leather_117,crop_scale,mild,0,Leather_117,Leather_117|Leather_82|Leather_105,True,True,0.932212,0.123151
"dinov2_vits14 + augmentation prototypes, N=30",42,my_dataset_test_filtered\Leather_118\1750489685912.jpg,Leather_118,brightness,mild,0,Leather_118,Leather_118|Leather_68|Leather_70,True,True,0.951902,0.044645
"dinov2_vits14 + augmentation prototypes, N=30",42,my_dataset_test_filtered\Leather_118\1750489685912.jpg,Leather_118,contrast,mild,0,Leather_118,Leather_118|Leather_68|Leather_70,True,True,0.942456,0.048677
"dinov2_vits14 + augmentation prototypes, N=30",42,my_dataset_test_filtered\Leather_118\1750489685912.jpg,Leather_118,color_jitter,mild,0,Leather_118,Leather_118|Leather_68|Leather_78,True,True,0.946915,0.049314
"dinov2_vits14 + augmentation prototypes, N=30",42,my_dataset_test_filtered\Leather_118\1750489685912.jpg,Leather_118,gaussian_blur,mild,0,Leather_118,Leather_118|Leather_68|Leather_70,True,True,0.946375,0.044414
"dinov2_vits14 + augmentation prototypes, N=30",42,my_dataset_test_filtered\Leather_118\1750489685912.jpg,Leather_118,gaussian_noise,mild,0,Leather_118,Leather_118|Leather_68|Leather_70,True,True,0.951074,0.043211
"dinov2_vits14 + augmentation prototypes, N=30",42,my_dataset_test_filtered\Leather_118\1750489685912.jpg,Leather_118,jpeg_compression,mild,0,Leather_118,Leather_118|Leather_68|Leather_70,True,True,0.949804,0.044111
"dinov2_vits14 + augmentation prototypes, N=30",42,my_dataset_test_filtered\Leather_118\1750489685912.jpg,Leather_118,rotation,mild,0,Leather_118,Leather_118|Leather_68|Leather_67,True,True,0.925099,0.035078
"dinov2_vits14 + augmentation prototypes, N=30",42,my_dataset_test_filtered\Leather_118\1750489685912.jpg,Leather_118,crop_scale,mild,0,Leather_118,Leather_118|Leather_68|Leather_78,True,True,0.941333,0.041212
"dinov2_vits14 + augmentation prototypes, N=30",42,my_dataset_test_filtered\Leather_119\1750489770436.jpg,Leather_119,brightness,mild,0,Leather_119,Leather_119|Leather_183|Leather_159,True,True,0.682775,0.02463
"dinov2_vits14 + augmentation prototypes, N=30",42,my_dataset_test_filtered\Leather_119\1750489770436.jpg,Leather_119,contrast,mild,0,Leather_119,Leather_119|Leather_183|Leather_159,True,True,0.687209,0.021694
"dinov2_vits14 + augmentation prototypes, N=30",42,my_dataset_test_filtered\Leather_119\1750489770436.jpg,Leather_119,color_jitter,mild,0,Leather_119,Leather_119|Leather_183|Leather_159,True,True,0.716216,0.041573
"dinov2_vits14 + augmentation prototypes, N=30",42,my_dataset_test_filtered\Leather_119\1750489770436.jpg,Leather_119,gaussian_blur,mild,0,Leather_119,Leather_119|Leather_183|Leather_159,True,True,0.679625,0.021723
"dinov2_vits14 + augmentation prototypes, N=30",42,my_dataset_test_filtered\Leather_119\1750489770436.jpg,Leather_119,gaussian_noise,mild,0,Leather_119,Leather_119|Leather_183|Leather_159,True,True,0.686274,0.02569
"dinov2_vits14 + augmentation prototypes, N=30",42,my_dataset_test_filtered\Leather_119\1750489770436.jpg,Leather_119,jpeg_compression,mild,0,Leather_119,Leather_119|Leather_183|Leather_159,True,True,0.69026,0.01985
"dinov2_vits14 + augmentation prototypes, N=30",42,my_dataset_test_filtered\Leather_119\1750489770436.jpg,Leather_119,rotation,mild,0,Leather_119,Leather_119|Leather_183|Leather_159,True,True,0.640899,0.010895
"dinov2_vits14 + augmentation prototypes, N=30",42,my_dataset_test_filtered\Leather_119\1750489770436.jpg,Leather_119,crop_scale,mild,0,Leather_119,Leather_119|Leather_124|Leather_159,True,True,0.929702,0.13657
"dinov2_vits14 + augmentation prototypes, N=30",42,my_dataset_test_filtered\Leather_12\1750408284854.jpg,Leather_12,brightness,mild,0,Leather_12,Leather_12|Leather_154|Leather_160,True,True,0.924185,0.067702
"dinov2_vits14 + augmentation prototypes, N=30",42,my_dataset_test_filtered\Leather_12\1750408284854.jpg,Leather_12,contrast,mild,0,Leather_12,Leather_12|Leather_154|Leather_11,True,True,0.920523,0.054182
"dinov2_vits14 + augmentation prototypes, N=30",42,my_dataset_test_filtered\Leather_12\1750408284854.jpg,Leather_12,color_jitter,mild,0,Leather_12,Leather_12|Leather_154|Leather_11,True,True,0.923346,0.091372
"dinov2_vits14 + augmentation prototypes, N=30",42,my_dataset_test_filtered\Leather_12\1750408284854.jpg,Leather_12,gaussian_blur,mild,0,Leather_12,Leather_12|Leather_154|Leather_11,True,True,0.922034,0.068069
"dinov2_vits14 + augmentation prototypes, N=30",42,my_dataset_test_filtered\Leather_12\1750408284854.jpg,Leather_12,gaussian_noise,mild,0,Leather_12,Leather_12|Leather_154|Leather_28,True,True,0.888721,0.056125
"dinov2_vits14 + augmentation prototypes, N=30",42,my_dataset_test_filtered\Leather_12\1750408284854.jpg,Leather_12,jpeg_compression,mild,0,Leather_12,Leather_12|Leather_154|Leather_11,True,True,0.918974,0.044393
"dinov2_vits14 + augmentation prototypes, N=30",42,my_dataset_test_filtered\Leather_12\1750408284854.jpg,Leather_12,rotation,mild,0,Leather_12,Leather_12|Leather_154|Leather_11,True,True,0.9328,0.07582
"dinov2_vits14 + augmentation prototypes, N=30",42,my_dataset_test_filtered\Leather_12\1750408284854.jpg,Leather_12,crop_scale,mild,0,Leather_12,Leather_12|Leather_154|Leather_11,True,True,0.928429,0.066548
"dinov2_vits14 + augmentation prototypes, N=30",42,my_dataset_test_filtered\Leather_120\1750489841717.jpg,Leather_120,brightness,mild,0,Leather_120,Leather_120|Leather_78|Leather_150,True,True,0.837796,0.002433
"dinov2_vits14 + augmentation prototypes, N=30",42,my_dataset_test_filtered\Leather_120\1750489841717.jpg,Leather_120,contrast,mild,0,Leather_78,Leather_78|Leather_120|Leather_75,False,True,0.837419,0.0051
"dinov2_vits14 + augmentation prototypes, N=30",42,my_dataset_test_filtered\Leather_120\1750489841717.jpg,Leather_120,color_jitter,mild,0,Leather_120,Leather_120|Leather_78|Leather_150,True,True,0.83886,0.005624
"dinov2_vits14 + augmentation prototypes, N=30",42,my_dataset_test_filtered\Leather_120\1750489841717.jpg,Leather_120,gaussian_blur,mild,0,Leather_78,Leather_78|Leather_120|Leather_150,False,True,0.838389,0.004538
"dinov2_vits14 + augmentation prototypes, N=30",42,my_dataset_test_filtered\Leather_120\1750489841717.jpg,Leather_120,gaussian_noise,mild,0,Leather_78,Leather_78|Leather_120|Leather_150,False,True,0.838221,0.004294
"dinov2_vits14 + augmentation prototypes, N=30",42,my_dataset_test_filtered\Leather_120\1750489841717.jpg,Leather_120,jpeg_compression,mild,0,Leather_120,Leather_120|Leather_78|Leather_150,True,True,0.836979,0.003141
"dinov2_vits14 + augmentation prototypes, N=30",42,my_dataset_test_filtered\Leather_120\1750489841717.jpg,Leather_120,rotation,mild,0,Leather_120,Leather_120|Leather_78|Leather_75,True,True,0.84816,0.049044
"dinov2_vits14 + augmentation prototypes, N=30",42,my_dataset_test_filtered\Leather_120\1750489841717.jpg,Leather_120,crop_scale,mild,0,Leather_120,Leather_120|Leather_78|Leather_150,True,True,0.889816,0.108905
"dinov2_vits14 + augmentation prototypes, N=30",42,my_dataset_test_filtered\Leather_121\1750489889943.jpg,Leather_121,brightness,mild,0,Leather_121,Leather_121|Leather_117|Leather_75,True,True,0.946689,0.171828
"dinov2_vits14 + augmentation prototypes, N=30",42,my_dataset_test_filtered\Leather_121\1750489889943.jpg,Leather_121,contrast,mild,0,Leather_121,Leather_121|Leather_117|Leather_75,True,True,0.944718,0.168395
"dinov2_vits14 + augmentation prototypes, N=30",42,my_dataset_test_filtered\Leather_121\1750489889943.jpg,Leather_121,color_jitter,mild,0,Leather_121,Leather_121|Leather_117|Leather_75,True,True,0.945939,0.172462
"dinov2_vits14 + augmentation prototypes, N=30",42,my_dataset_test_filtered\Leather_121\1750489889943.jpg,Leather_121,gaussian_blur,mild,0,Leather_121,Leather_121|Leather_117|Leather_75,True,True,0.944037,0.167994
"dinov2_vits14 + augmentation prototypes, N=30",42,my_dataset_test_filtered\Leather_121\1750489889943.jpg,Leather_121,gaussian_noise,mild,0,Leather_121,Leather_121|Leather_117|Leather_75,True,True,0.947386,0.169137
"dinov2_vits14 + augmentation prototypes, N=30",42,my_dataset_test_filtered\Leather_121\1750489889943.jpg,Leather_121,jpeg_compression,mild,0,Leather_121,Leather_121|Leather_117|Leather_75,True,True,0.945878,0.169982
"dinov2_vits14 + augmentation prototypes, N=30",42,my_dataset_test_filtered\Leather_121\1750489889943.jpg,Leather_121,rotation,mild,0,Leather_121,Leather_121|Leather_75|Leather_117,True,True,0.898006,0.103641
"dinov2_vits14 + augmentation prototypes, N=30",42,my_dataset_test_filtered\Leather_121\1750489889943.jpg,Leather_121,crop_scale,mild,0,Leather_121,Leather_121|Leather_117|Leather_75,True,True,0.968761,0.23132
"dinov2_vits14 + augmentation prototypes, N=30",42,my_dataset_test_filtered\Leather_122\1750489935897.jpg,Leather_122,brightness,mild,0,Leather_122,Leather_122|Leather_67|Leather_70,True,True,0.905521,0.040022
"dinov2_vits14 + augmentation prototypes, N=30",42,my_dataset_test_filtered\Leather_122\1750489935897.jpg,Leather_122,contrast,mild,0,Leather_122,Leather_122|Leather_67|Leather_70,True,True,0.906763,0.039064
"dinov2_vits14 + augmentation prototypes, N=30",42,my_dataset_test_filtered\Leather_122\1750489935897.jpg,Leather_122,color_jitter,mild,0,Leather_122,Leather_122|Leather_67|Leather_70,True,True,0.910917,0.052978
"dinov2_vits14 + augmentation prototypes, N=30",42,my_dataset_test_filtered\Leather_122\1750489935897.jpg,Leather_122,gaussian_blur,mild,0,Leather_122,Leather_122|Leather_67|Leather_70,True,True,0.904435,0.032489
"dinov2_vits14 + augmentation prototypes, N=30",42,my_dataset_test_filtered\Leather_122\1750489935897.jpg,Leather_122,gaussian_noise,mild,0,Leather_122,Leather_122|Leather_67|Leather_70,True,True,0.908082,0.039473
"dinov2_vits14 + augmentation prototypes, N=30",42,my_dataset_test_filtered\Leather_122\1750489935897.jpg,Leather_122,jpeg_compression,mild,0,Leather_122,Leather_122|Leather_67|Leather_70,True,True,0.90681,0.034196
"dinov2_vits14 + augmentation prototypes, N=30",42,my_dataset_test_filtered\Leather_122\1750489935897.jpg,Leather_122,rotation,mild,0,Leather_67,Leather_67|Leather_122|Leather_70,False,True,0.875546,0.015577
"dinov2_vits14 + augmentation prototypes, N=30",42,my_dataset_test_filtered\Leather_122\1750489935897.jpg,Leather_122,crop_scale,mild,0,Leather_122,Leather_122|Leather_67|Leather_69,True,True,0.949856,0.100285
"dinov2_vits14 + augmentation prototypes, N=30",42,my_dataset_test_filtered\Leather_123\1750489979959.jpg,Leather_123,brightness,mild,0,Leather_123,Leather_123|Leather_148|Leather_69,True,True,0.934657,0.108999
"dinov2_vits14 + augmentation prototypes, N=30",42,my_dataset_test_filtered\Leather_123\1750489979959.jpg,Leather_123,contrast,mild,0,Leather_123,Leather_123|Leather_148|Leather_69,True,True,0.931217,0.094363
"dinov2_vits14 + augmentation prototypes, N=30",42,my_dataset_test_filtered\Leather_123\1750489979959.jpg,Leather_123,color_jitter,mild,0,Leather_123,Leather_123|Leather_148|Leather_69,True,True,0.940595,0.110222
"dinov2_vits14 + augmentation prototypes, N=30",42,my_dataset_test_filtered\Leather_123\1750489979959.jpg,Leather_123,gaussian_blur,mild,0,Leather_123,Leather_123|Leather_148|Leather_69,True,True,0.937816,0.112455
"dinov2_vits14 + augmentation prototypes, N=30",42,my_dataset_test_filtered\Leather_123\1750489979959.jpg,Leather_123,gaussian_noise,mild,0,Leather_123,Leather_123|Leather_148|Leather_69,True,True,0.937964,0.123823
"dinov2_vits14 + augmentation prototypes, N=30",42,my_dataset_test_filtered\Leather_123\1750489979959.jpg,Leather_123,jpeg_compression,mild,0,Leather_123,Leather_123|Leather_69|Leather_148,True,True,0.94523,0.139648
"dinov2_vits14 + augmentation prototypes, N=30",42,my_dataset_test_filtered\Leather_123\1750489979959.jpg,Leather_123,rotation,mild,0,Leather_123,Leather_123|Leather_148|Leather_69,True,True,0.909009,0.097162
"dinov2_vits14 + augmentation prototypes, N=30",42,my_dataset_test_filtered\Leather_123\1750489979959.jpg,Leather_123,crop_scale,mild,0,Leather_123,Leather_123|Leather_69|Leather_148,True,True,0.963259,0.141478
"dinov2_vits14 + augmentation prototypes, N=30",42,my_dataset_test_filtered\Leather_124\1750490024511.jpg,Leather_124,brightness,mild,0,Leather_124,Leather_124|Leather_193|Leather_179,True,True,0.875775,0.124043
"dinov2_vits14 + augmentation prototypes, N=30",42,my_dataset_test_filtered\Leather_124\1750490024511.jpg,Leather_124,contrast,mild,0,Leather_124,Leather_124|Leather_193|Leather_05,True,True,0.886165,0.11355
"dinov2_vits14 + augmentation prototypes, N=30",42,my_dataset_test_filtered\Leather_124\1750490024511.jpg,Leather_124,color_jitter,mild,0,Leather_124,Leather_124|Leather_193|Leather_179,True,True,0.881891,0.12219
"dinov2_vits14 + augmentation prototypes, N=30",42,my_dataset_test_filtered\Leather_124\1750490024511.jpg,Leather_124,gaussian_blur,mild,0,Leather_124,Leather_124|Leather_193|Leather_179,True,True,0.873589,0.129223
"dinov2_vits14 + augmentation prototypes, N=30",42,my_dataset_test_filtered\Leather_124\1750490024511.jpg,Leather_124,gaussian_noise,mild,0,Leather_124,Leather_124|Leather_193|Leather_179,True,True,0.878999,0.132844
"dinov2_vits14 + augmentation prototypes, N=30",42,my_dataset_test_filtered\Leather_124\1750490024511.jpg,Leather_124,jpeg_compression,mild,0,Leather_124,Leather_124|Leather_193|Leather_179,True,True,0.885371,0.125441
"dinov2_vits14 + augmentation prototypes, N=30",42,my_dataset_test_filtered\Leather_124\1750490024511.jpg,Leather_124,rotation,mild,0,Leather_124,Leather_124|Leather_193|Leather_179,True,True,0.94562,0.135118
"dinov2_vits14 + augmentation prototypes, N=30",42,my_dataset_test_filtered\Leather_124\1750490024511.jpg,Leather_124,crop_scale,mild,0,Leather_124,Leather_124|Leather_193|Leather_77,True,True,0.934387,0.14775
"dinov2_vits14 + augmentation prototypes, N=30",42,my_dataset_test_filtered\Leather_125\1750490073084.jpg,Leather_125,brightness,mild,0,Leather_125,Leather_125|Leather_128|Leather_129,True,True,0.935336,0.183365
"dinov2_vits14 + augmentation prototypes, N=30",42,my_dataset_test_filtered\Leather_125\1750490073084.jpg,Leather_125,contrast,mild,0,Leather_125,Leather_125|Leather_128|Leather_129,True,True,0.927754,0.176174
"dinov2_vits14 + augmentation prototypes, N=30",42,my_dataset_test_filtered\Leather_125\1750490073084.jpg,Leather_125,color_jitter,mild,0,Leather_125,Leather_125|Leather_128|Leather_129,True,True,0.942047,0.177427
"dinov2_vits14 + augmentation prototypes, N=30",42,my_dataset_test_filtered\Leather_125\1750490073084.jpg,Leather_125,gaussian_blur,mild,0,Leather_125,Leather_125|Leather_128|Leather_129,True,True,0.929903,0.183998
"dinov2_vits14 + augmentation prototypes, N=30",42,my_dataset_test_filtered\Leather_125\1750490073084.jpg,Leather_125,gaussian_noise,mild,0,Leather_125,Leather_125|Leather_128|Leather_129,True,True,0.932244,0.183832
"dinov2_vits14 + augmentation prototypes, N=30",42,my_dataset_test_filtered\Leather_125\1750490073084.jpg,Leather_125,jpeg_compression,mild,0,Leather_125,Leather_125|Leather_128|Leather_129,True,True,0.928956,0.18871
"dinov2_vits14 + augmentation prototypes, N=30",42,my_dataset_test_filtered\Leather_125\1750490073084.jpg,Leather_125,rotation,mild,0,Leather_125,Leather_125|Leather_128|Leather_129,True,True,0.926526,0.155994
"dinov2_vits14 + augmentation prototypes, N=30",42,my_dataset_test_filtered\Leather_125\1750490073084.jpg,Leather_125,crop_scale,mild,0,Leather_125,Leather_125|Leather_128|Leather_134,True,True,0.936201,0.189567
"dinov2_vits14 + augmentation prototypes, N=30",42,my_dataset_test_filtered\Leather_126\1750490108402.jpg,Leather_126,brightness,mild,0,Leather_126,Leather_126|Leather_137|Leather_129,True,True,0.9051,0.072608
"dinov2_vits14 + augmentation prototypes, N=30",42,my_dataset_test_filtered\Leather_126\1750490108402.jpg,Leather_126,contrast,mild,0,Leather_126,Leather_126|Leather_137|Leather_129,True,True,0.900027,0.063504
"dinov2_vits14 + augmentation prototypes, N=30",42,my_dataset_test_filtered\Leather_126\1750490108402.jpg,Leather_126,color_jitter,mild,0,Leather_126,Leather_126|Leather_137|Leather_50,True,True,0.912683,0.062473
"dinov2_vits14 + augmentation prototypes, N=30",42,my_dataset_test_filtered\Leather_126\1750490108402.jpg,Leather_126,gaussian_blur,mild,0,Leather_126,Leather_126|Leather_137|Leather_129,True,True,0.903268,0.060881
"dinov2_vits14 + augmentation prototypes, N=30",42,my_dataset_test_filtered\Leather_126\1750490108402.jpg,Leather_126,gaussian_noise,mild,0,Leather_126,Leather_126|Leather_137|Leather_50,True,True,0.908294,0.064274
"dinov2_vits14 + augmentation prototypes, N=30",42,my_dataset_test_filtered\Leather_126\1750490108402.jpg,Leather_126,jpeg_compression,mild,0,Leather_126,Leather_126|Leather_137|Leather_50,True,True,0.908862,0.065295
"dinov2_vits14 + augmentation prototypes, N=30",42,my_dataset_test_filtered\Leather_126\1750490108402.jpg,Leather_126,rotation,mild,0,Leather_126,Leather_126|Leather_137|Leather_133,True,True,0.853127,0.023814
"dinov2_vits14 + augmentation prototypes, N=30",42,my_dataset_test_filtered\Leather_126\1750490108402.jpg,Leather_126,crop_scale,mild,0,Leather_126,Leather_126|Leather_137|Leather_130,True,True,0.92827,0.164154
"dinov2_vits14 + augmentation prototypes, N=30",42,my_dataset_test_filtered\Leather_127\1750490173529.jpg,Leather_127,brightness,mild,0,Leather_127,Leather_127|Leather_133|Leather_137,True,True,0.938522,0.291533
"dinov2_vits14 + augmentation prototypes, N=30",42,my_dataset_test_filtered\Leather_127\1750490173529.jpg,Leather_127,contrast,mild,0,Leather_127,Leather_127|Leather_133|Leather_137,True,True,0.933312,0.28622
"dinov2_vits14 + augmentation prototypes, N=30",42,my_dataset_test_filtered\Leather_127\1750490173529.jpg,Leather_127,color_jitter,mild,0,Leather_127,Leather_127|Leather_133|Leather_137,True,True,0.921281,0.268857
"dinov2_vits14 + augmentation prototypes, N=30",42,my_dataset_test_filtered\Leather_127\1750490173529.jpg,Leather_127,gaussian_blur,mild,0,Leather_127,Leather_127|Leather_133|Leather_137,True,True,0.931916,0.2869
"dinov2_vits14 + augmentation prototypes, N=30",42,my_dataset_test_filtered\Leather_127\1750490173529.jpg,Leather_127,gaussian_noise,mild,0,Leather_127,Leather_127|Leather_133|Leather_137,True,True,0.933569,0.285651
"dinov2_vits14 + augmentation prototypes, N=30",42,my_dataset_test_filtered\Leather_127\1750490173529.jpg,Leather_127,jpeg_compression,mild,0,Leather_127,Leather_127|Leather_133|Leather_137,True,True,0.933154,0.285475
"dinov2_vits14 + augmentation prototypes, N=30",42,my_dataset_test_filtered\Leather_127\1750490173529.jpg,Leather_127,rotation,mild,0,Leather_127,Leather_127|Leather_137|Leather_133,True,True,0.961974,0.30688
"dinov2_vits14 + augmentation prototypes, N=30",42,my_dataset_test_filtered\Leather_127\1750490173529.jpg,Leather_127,crop_scale,mild,0,Leather_127,Leather_127|Leather_137|Leather_133,True,True,0.959852,0.351053
"dinov2_vits14 + augmentation prototypes, N=30",42,my_dataset_test_filtered\Leather_128\1750490238549.jpg,Leather_128,brightness,mild,0,Leather_128,Leather_128|Leather_125|Leather_138,True,True,0.958267,0.188845
"dinov2_vits14 + augmentation prototypes, N=30",42,my_dataset_test_filtered\Leather_128\1750490238549.jpg,Leather_128,contrast,mild,0,Leather_128,Leather_128|Leather_125|Leather_29,True,True,0.96481,0.19481
"dinov2_vits14 + augmentation prototypes, N=30",42,my_dataset_test_filtered\Leather_128\1750490238549.jpg,Leather_128,color_jitter,mild,0,Leather_128,Leather_128|Leather_125|Leather_29,True,True,0.965234,0.201812
"dinov2_vits14 + augmentation prototypes, N=30",42,my_dataset_test_filtered\Leather_128\1750490238549.jpg,Leather_128,gaussian_blur,mild,0,Leather_128,Leather_128|Leather_125|Leather_29,True,True,0.965687,0.197002
"dinov2_vits14 + augmentation prototypes, N=30",42,my_dataset_test_filtered\Leather_128\1750490238549.jpg,Leather_128,gaussian_noise,mild,0,Leather_128,Leather_128|Leather_125|Leather_29,True,True,0.964447,0.191723
"dinov2_vits14 + augmentation prototypes, N=30",42,my_dataset_test_filtered\Leather_128\1750490238549.jpg,Leather_128,jpeg_compression,mild,0,Leather_128,Leather_128|Leather_125|Leather_29,True,True,0.966649,0.191789
"dinov2_vits14 + augmentation prototypes, N=30",42,my_dataset_test_filtered\Leather_128\1750490238549.jpg,Leather_128,rotation,mild,0,Leather_128,Leather_128|Leather_125|Leather_29,True,True,0.969825,0.188561
"dinov2_vits14 + augmentation prototypes, N=30",42,my_dataset_test_filtered\Leather_128\1750490238549.jpg,Leather_128,crop_scale,mild,0,Leather_128,Leather_128|Leather_125|Leather_138,True,True,0.961173,0.200042
"dinov2_vits14 + augmentation prototypes, N=30",42,my_dataset_test_filtered\Leather_129\1750490315532.jpg,Leather_129,brightness,mild,0,Leather_129,Leather_129|Leather_132|Leather_126,True,True,0.945799,0.264977
"dinov2_vits14 + augmentation prototypes, N=30",42,my_dataset_test_filtered\Leather_129\1750490315532.jpg,Leather_129,contrast,mild,0,Leather_129,Leather_129|Leather_132|Leather_137,True,True,0.945832,0.257402
"dinov2_vits14 + augmentation prototypes, N=30",42,my_dataset_test_filtered\Leather_129\1750490315532.jpg,Leather_129,color_jitter,mild,0,Leather_129,Leather_129|Leather_137|Leather_132,True,True,0.947353,0.259418
"dinov2_vits14 + augmentation prototypes, N=30",42,my_dataset_test_filtered\Leather_129\1750490315532.jpg,Leather_129,gaussian_blur,mild,0,Leather_129,Leather_129|Leather_132|Leather_137,True,True,0.943052,0.255027
"dinov2_vits14 + augmentation prototypes, N=30",42,my_dataset_test_filtered\Leather_129\1750490315532.jpg,Leather_129,gaussian_noise,mild,0,Leather_129,Leather_129|Leather_132|Leather_137,True,True,0.945238,0.257291
"dinov2_vits14 + augmentation prototypes, N=30",42,my_dataset_test_filtered\Leather_129\1750490315532.jpg,Leather_129,jpeg_compression,mild,0,Leather_129,Leather_129|Leather_132|Leather_137,True,True,0.945119,0.257683
"dinov2_vits14 + augmentation prototypes, N=30",42,my_dataset_test_filtered\Leather_129\1750490315532.jpg,Leather_129,rotation,mild,0,Leather_129,Leather_129|Leather_126|Leather_137,True,True,0.937846,0.26071
"dinov2_vits14 + augmentation prototypes, N=30",42,my_dataset_test_filtered\Leather_129\1750490315532.jpg,Leather_129,crop_scale,mild,0,Leather_129,Leather_129|Leather_132|Leather_126,True,True,0.945779,0.271205
"dinov2_vits14 + augmentation prototypes, N=30",42,my_dataset_test_filtered\Leather_13\1750408366776.jpg,Leather_13,brightness,mild,0,Leather_13,Leather_13|Leather_173|Leather_03,True,True,0.78874,0.040199
"dinov2_vits14 + augmentation prototypes, N=30",42,my_dataset_test_filtered\Leather_13\1750408366776.jpg,Leather_13,contrast,mild,0,Leather_13,Leather_13|Leather_173|Leather_03,True,True,0.781154,0.033338
"dinov2_vits14 + augmentation prototypes, N=30",42,my_dataset_test_filtered\Leather_13\1750408366776.jpg,Leather_13,color_jitter,mild,0,Leather_13,Leather_13|Leather_173|Leather_03,True,True,0.799638,0.019048
"dinov2_vits14 + augmentation prototypes, N=30",42,my_dataset_test_filtered\Leather_13\1750408366776.jpg,Leather_13,gaussian_blur,mild,0,Leather_13,Leather_13|Leather_173|Leather_03,True,True,0.791951,0.021936
"dinov2_vits14 + augmentation prototypes, N=30",42,my_dataset_test_filtered\Leather_13\1750408366776.jpg,Leather_13,gaussian_noise,mild,0,Leather_13,Leather_13|Leather_173|Leather_192,True,True,0.808122,0.050992
"dinov2_vits14 + augmentation prototypes, N=30",42,my_dataset_test_filtered\Leather_13\1750408366776.jpg,Leather_13,jpeg_compression,mild,0,Leather_13,Leather_13|Leather_173|Leather_03,True,True,0.791545,0.007676
"dinov2_vits14 + augmentation prototypes, N=30",42,my_dataset_test_filtered\Leather_13\1750408366776.jpg,Leather_13,rotation,mild,0,Leather_13,Leather_13|Leather_192|Leather_03,True,True,0.727638,0.055868
"dinov2_vits14 + augmentation prototypes, N=30",42,my_dataset_test_filtered\Leather_13\1750408366776.jpg,Leather_13,crop_scale,mild,0,Leather_13,Leather_13|Leather_173|Leather_03,True,True,0.879395,0.018285
"dinov2_vits14 + augmentation prototypes, N=30",42,my_dataset_test_filtered\Leather_130\1750490367912.jpg,Leather_130,brightness,mild,0,Leather_130,Leather_130|Leather_126|Leather_137,True,True,0.773792,0.230981
"dinov2_vits14 + augmentation prototypes, N=30",42,my_dataset_test_filtered\Leather_130\1750490367912.jpg,Leather_130,contrast,mild,0,Leather_130,Leather_130|Leather_126|Leather_137,True,True,0.769937,0.222558
"dinov2_vits14 + augmentation prototypes, N=30",42,my_dataset_test_filtered\Leather_130\1750490367912.jpg,Leather_130,color_jitter,mild,0,Leather_130,Leather_130|Leather_126|Leather_137,True,True,0.781733,0.233887
"dinov2_vits14 + augmentation prototypes, N=30",42,my_dataset_test_filtered\Leather_130\1750490367912.jpg,Leather_130,gaussian_blur,mild,0,Leather_130,Leather_130|Leather_126|Leather_137,True,True,0.777481,0.23536
"dinov2_vits14 + augmentation prototypes, N=30",42,my_dataset_test_filtered\Leather_130\1750490367912.jpg,Leather_130,gaussian_noise,mild,0,Leather_130,Leather_130|Leather_126|Leather_137,True,True,0.775453,0.232465
"dinov2_vits14 + augmentation prototypes, N=30",42,my_dataset_test_filtered\Leather_130\1750490367912.jpg,Leather_130,jpeg_compression,mild,0,Leather_130,Leather_130|Leather_126|Leather_137,True,True,0.774377,0.233285
"dinov2_vits14 + augmentation prototypes, N=30",42,my_dataset_test_filtered\Leather_130\1750490367912.jpg,Leather_130,rotation,mild,0,Leather_130,Leather_130|Leather_126|Leather_137,True,True,0.745793,0.240256
"dinov2_vits14 + augmentation prototypes, N=30",42,my_dataset_test_filtered\Leather_130\1750490367912.jpg,Leather_130,crop_scale,mild,0,Leather_130,Leather_130|Leather_126|Leather_137,True,True,0.763873,0.22451
"dinov2_vits14 + augmentation prototypes, N=30",42,my_dataset_test_filtered\Leather_131\1750490579280.jpg,Leather_131,brightness,mild,0,Leather_131,Leather_131|Leather_34|Leather_137,True,True,0.844158,0.304658
"dinov2_vits14 + augmentation prototypes, N=30",42,my_dataset_test_filtered\Leather_131\1750490579280.jpg,Leather_131,contrast,mild,0,Leather_131,Leather_131|Leather_34|Leather_137,True,True,0.846384,0.296458
"dinov2_vits14 + augmentation prototypes, N=30",42,my_dataset_test_filtered\Leather_131\1750490579280.jpg,Leather_131,color_jitter,mild,0,Leather_131,Leather_131|Leather_34|Leather_137,True,True,0.840104,0.333239
"dinov2_vits14 + augmentation prototypes, N=30",42,my_dataset_test_filtered\Leather_131\1750490579280.jpg,Leather_131,gaussian_blur,mild,0,Leather_131,Leather_131|Leather_34|Leather_137,True,True,0.844496,0.30702
"dinov2_vits14 + augmentation prototypes, N=30",42,my_dataset_test_filtered\Leather_131\1750490579280.jpg,Leather_131,gaussian_noise,mild,0,Leather_131,Leather_131|Leather_34|Leather_137,True,True,0.844885,0.3051
"dinov2_vits14 + augmentation prototypes, N=30",42,my_dataset_test_filtered\Leather_131\1750490579280.jpg,Leather_131,jpeg_compression,mild,0,Leather_131,Leather_131|Leather_34|Leather_137,True,True,0.845801,0.31004
"dinov2_vits14 + augmentation prototypes, N=30",42,my_dataset_test_filtered\Leather_131\1750490579280.jpg,Leather_131,rotation,mild,0,Leather_131,Leather_131|Leather_34|Leather_133,True,True,0.851815,0.289701
"dinov2_vits14 + augmentation prototypes, N=30",42,my_dataset_test_filtered\Leather_131\1750490579280.jpg,Leather_131,crop_scale,mild,0,Leather_131,Leather_131|Leather_138|Leather_34,True,True,0.779415,0.32059
"dinov2_vits14 + augmentation prototypes, N=30",42,my_dataset_test_filtered\Leather_132\1750490644319.jpg,Leather_132,brightness,mild,0,Leather_132,Leather_132|Leather_129|Leather_138,True,True,0.910628,0.28551
"dinov2_vits14 + augmentation prototypes, N=30",42,my_dataset_test_filtered\Leather_132\1750490644319.jpg,Leather_132,contrast,mild,0,Leather_132,Leather_132|Leather_129|Leather_138,True,True,0.915273,0.290299
"dinov2_vits14 + augmentation prototypes, N=30",42,my_dataset_test_filtered\Leather_132\1750490644319.jpg,Leather_132,color_jitter,mild,0,Leather_132,Leather_132|Leather_129|Leather_138,True,True,0.905543,0.277784
"dinov2_vits14 + augmentation prototypes, N=30",42,my_dataset_test_filtered\Leather_132\1750490644319.jpg,Leather_132,gaussian_blur,mild,0,Leather_132,Leather_132|Leather_129|Leather_138,True,True,0.910262,0.293232
"dinov2_vits14 + augmentation prototypes, N=30",42,my_dataset_test_filtered\Leather_132\1750490644319.jpg,Leather_132,gaussian_noise,mild,0,Leather_132,Leather_132|Leather_129|Leather_138,True,True,0.908041,0.289449
"dinov2_vits14 + augmentation prototypes, N=30",42,my_dataset_test_filtered\Leather_132\1750490644319.jpg,Leather_132,jpeg_compression,mild,0,Leather_132,Leather_132|Leather_129|Leather_138,True,True,0.912183,0.293257
"dinov2_vits14 + augmentation prototypes, N=30",42,my_dataset_test_filtered\Leather_132\1750490644319.jpg,Leather_132,rotation,mild,0,Leather_132,Leather_132|Leather_129|Leather_138,True,True,0.91523,0.247509
"dinov2_vits14 + augmentation prototypes, N=30",42,my_dataset_test_filtered\Leather_132\1750490644319.jpg,Leather_132,crop_scale,mild,0,Leather_132,Leather_132|Leather_129|Leather_138,True,True,0.961823,0.267404
"dinov2_vits14 + augmentation prototypes, N=30",42,my_dataset_test_filtered\Leather_133\1750490775257.jpg,Leather_133,brightness,mild,0,Leather_133,Leather_133|Leather_141|Leather_137,True,True,0.971683,0.200209
"dinov2_vits14 + augmentation prototypes, N=30",42,my_dataset_test_filtered\Leather_133\1750490775257.jpg,Leather_133,contrast,mild,0,Leather_133,Leather_133|Leather_141|Leather_137,True,True,0.968864,0.194396
"dinov2_vits14 + augmentation prototypes, N=30",42,my_dataset_test_filtered\Leather_133\1750490775257.jpg,Leather_133,color_jitter,mild,0,Leather_133,Leather_133|Leather_141|Leather_137,True,True,0.963248,0.18663
"dinov2_vits14 + augmentation prototypes, N=30",42,my_dataset_test_filtered\Leather_133\1750490775257.jpg,Leather_133,gaussian_blur,mild,0,Leather_133,Leather_133|Leather_141|Leather_137,True,True,0.96755,0.195653
"dinov2_vits14 + augmentation prototypes, N=30",42,my_dataset_test_filtered\Leather_133\1750490775257.jpg,Leather_133,gaussian_noise,mild,0,Leather_133,Leather_133|Leather_141|Leather_137,True,True,0.968362,0.19168
"dinov2_vits14 + augmentation prototypes, N=30",42,my_dataset_test_filtered\Leather_133\1750490775257.jpg,Leather_133,jpeg_compression,mild,0,Leather_133,Leather_133|Leather_141|Leather_137,True,True,0.968353,0.192162
"dinov2_vits14 + augmentation prototypes, N=30",42,my_dataset_test_filtered\Leather_133\1750490775257.jpg,Leather_133,rotation,mild,0,Leather_133,Leather_133|Leather_141|Leather_137,True,True,0.935595,0.172579
"dinov2_vits14 + augmentation prototypes, N=30",42,my_dataset_test_filtered\Leather_133\1750490775257.jpg,Leather_133,crop_scale,mild,0,Leather_133,Leather_133|Leather_141|Leather_137,True,True,0.973042,0.192942
"dinov2_vits14 + augmentation prototypes, N=30",42,my_dataset_test_filtered\Leather_134\1750490827975.jpg,Leather_134,brightness,mild,0,Leather_134,Leather_134|Leather_126|Leather_132,True,True,0.856,0.303686
"dinov2_vits14 + augmentation prototypes, N=30",42,my_dataset_test_filtered\Leather_134\1750490827975.jpg,Leather_134,contrast,mild,0,Leather_134,Leather_134|Leather_126|Leather_137,True,True,0.848689,0.291325
"dinov2_vits14 + augmentation prototypes, N=30",42,my_dataset_test_filtered\Leather_134\1750490827975.jpg,Leather_134,color_jitter,mild,0,Leather_134,Leather_134|Leather_126|Leather_137,True,True,0.84072,0.292197
"dinov2_vits14 + augmentation prototypes, N=30",42,my_dataset_test_filtered\Leather_134\1750490827975.jpg,Leather_134,gaussian_blur,mild,0,Leather_134,Leather_134|Leather_126|Leather_137,True,True,0.846149,0.29458
"dinov2_vits14 + augmentation prototypes, N=30",42,my_dataset_test_filtered\Leather_134\1750490827975.jpg,Leather_134,gaussian_noise,mild,0,Leather_134,Leather_134|Leather_126|Leather_137,True,True,0.847201,0.293552
"dinov2_vits14 + augmentation prototypes, N=30",42,my_dataset_test_filtered\Leather_134\1750490827975.jpg,Leather_134,jpeg_compression,mild,0,Leather_134,Leather_134|Leather_126|Leather_137,True,True,0.851745,0.30406
"dinov2_vits14 + augmentation prototypes, N=30",42,my_dataset_test_filtered\Leather_134\1750490827975.jpg,Leather_134,rotation,mild,0,Leather_134,Leather_134|Leather_135|Leather_126,True,True,0.865573,0.290556
"dinov2_vits14 + augmentation prototypes, N=30",42,my_dataset_test_filtered\Leather_134\1750490827975.jpg,Leather_134,crop_scale,mild,0,Leather_134,Leather_134|Leather_128|Leather_129,True,True,0.932616,0.348182
"dinov2_vits14 + augmentation prototypes, N=30",42,my_dataset_test_filtered\Leather_135\1750490955532.jpg,Leather_135,brightness,mild,0,Leather_135,Leather_135|Leather_134|Leather_127,True,True,0.938055,0.314017
"dinov2_vits14 + augmentation prototypes, N=30",42,my_dataset_test_filtered\Leather_135\1750490955532.jpg,Leather_135,contrast,mild,0,Leather_135,Leather_135|Leather_134|Leather_129,True,True,0.928825,0.31628
"dinov2_vits14 + augmentation prototypes, N=30",42,my_dataset_test_filtered\Leather_135\1750490955532.jpg,Leather_135,color_jitter,mild,0,Leather_135,Leather_135|Leather_134|Leather_129,True,True,0.921197,0.310303
"dinov2_vits14 + augmentation prototypes, N=30",42,my_dataset_test_filtered\Leather_135\1750490955532.jpg,Leather_135,gaussian_blur,mild,0,Leather_135,Leather_135|Leather_134|Leather_127,True,True,0.932317,0.311805
"dinov2_vits14 + augmentation prototypes, N=30",42,my_dataset_test_filtered\Leather_135\1750490955532.jpg,Leather_135,gaussian_noise,mild,0,Leather_135,Leather_135|Leather_134|Leather_127,True,True,0.939261,0.319111
"dinov2_vits14 + augmentation prototypes, N=30",42,my_dataset_test_filtered\Leather_135\1750490955532.jpg,Leather_135,jpeg_compression,mild,0,Leather_135,Leather_135|Leather_134|Leather_127,True,True,0.935443,0.31493
"dinov2_vits14 + augmentation prototypes, N=30",42,my_dataset_test_filtered\Leather_135\1750490955532.jpg,Leather_135,rotation,mild,0,Leather_135,Leather_135|Leather_134|Leather_127,True,True,0.914955,0.293709
"dinov2_vits14 + augmentation prototypes, N=30",42,my_dataset_test_filtered\Leather_135\1750490955532.jpg,Leather_135,crop_scale,mild,0,Leather_135,Leather_135|Leather_134|Leather_129,True,True,0.939065,0.303841
"dinov2_vits14 + augmentation prototypes, N=30",42,my_dataset_test_filtered\Leather_136\1750491016516.jpg,Leather_136,brightness,mild,0,Leather_136,Leather_136|Leather_94|Leather_21,True,True,0.939576,0.232409
"dinov2_vits14 + augmentation prototypes, N=30",42,my_dataset_test_filtered\Leather_136\1750491016516.jpg,Leather_136,contrast,mild,0,Leather_136,Leather_136|Leather_94|Leather_21,True,True,0.936815,0.238374
"dinov2_vits14 + augmentation prototypes, N=30",42,my_dataset_test_filtered\Leather_136\1750491016516.jpg,Leather_136,color_jitter,mild,0,Leather_136,Leather_136|Leather_94|Leather_21,True,True,0.927739,0.237747
"dinov2_vits14 + augmentation prototypes, N=30",42,my_dataset_test_filtered\Leather_136\1750491016516.jpg,Leather_136,gaussian_blur,mild,0,Leather_136,Leather_136|Leather_94|Leather_21,True,True,0.933933,0.237717
"dinov2_vits14 + augmentation prototypes, N=30",42,my_dataset_test_filtered\Leather_136\1750491016516.jpg,Leather_136,gaussian_noise,mild,0,Leather_136,Leather_136|Leather_94|Leather_21,True,True,0.931143,0.243405
"dinov2_vits14 + augmentation prototypes, N=30",42,my_dataset_test_filtered\Leather_136\1750491016516.jpg,Leather_136,jpeg_compression,mild,0,Leather_136,Leather_136|Leather_94|Leather_21,True,True,0.933331,0.238044
"dinov2_vits14 + augmentation prototypes, N=30",42,my_dataset_test_filtered\Leather_136\1750491016516.jpg,Leather_136,rotation,mild,0,Leather_136,Leather_136|Leather_94|Leather_21,True,True,0.889623,0.219006
"dinov2_vits14 + augmentation prototypes, N=30",42,my_dataset_test_filtered\Leather_136\1750491016516.jpg,Leather_136,crop_scale,mild,0,Leather_136,Leather_136|Leather_94|Leather_21,True,True,0.942435,0.220217
"dinov2_vits14 + augmentation prototypes, N=30",42,my_dataset_test_filtered\Leather_137\1750491063276.jpg,Leather_137,brightness,mild,0,Leather_137,Leather_137|Leather_126|Leather_133,True,True,0.884539,0.128128
"dinov2_vits14 + augmentation prototypes, N=30",42,my_dataset_test_filtered\Leather_137\1750491063276.jpg,Leather_137,contrast,mild,0,Leather_137,Leather_137|Leather_126|Leather_133,True,True,0.883137,0.138045
"dinov2_vits14 + augmentation prototypes, N=30",42,my_dataset_test_filtered\Leather_137\1750491063276.jpg,Leather_137,color_jitter,mild,0,Leather_137,Leather_137|Leather_126|Leather_133,True,True,0.865929,0.132036
"dinov2_vits14 + augmentation prototypes, N=30",42,my_dataset_test_filtered\Leather_137\1750491063276.jpg,Leather_137,gaussian_blur,mild,0,Leather_137,Leather_137|Leather_126|Leather_133,True,True,0.87998,0.135224
"dinov2_vits14 + augmentation prototypes, N=30",42,my_dataset_test_filtered\Leather_137\1750491063276.jpg,Leather_137,gaussian_noise,mild,0,Leather_137,Leather_137|Leather_126|Leather_133,True,True,0.882778,0.133814
"dinov2_vits14 + augmentation prototypes, N=30",42,my_dataset_test_filtered\Leather_137\1750491063276.jpg,Leather_137,jpeg_compression,mild,0,Leather_137,Leather_137|Leather_126|Leather_133,True,True,0.886476,0.131902
"dinov2_vits14 + augmentation prototypes, N=30",42,my_dataset_test_filtered\Leather_137\1750491063276.jpg,Leather_137,rotation,mild,0,Leather_137,Leather_137|Leather_126|Leather_133,True,True,0.858973,0.139638
"dinov2_vits14 + augmentation prototypes, N=30",42,my_dataset_test_filtered\Leather_137\1750491063276.jpg,Leather_137,crop_scale,mild,0,Leather_137,Leather_137|Leather_126|Leather_133,True,True,0.946668,0.118819
"dinov2_vits14 + augmentation prototypes, N=30",42,my_dataset_test_filtered\Leather_138\1750491113039.jpg,Leather_138,brightness,mild,0,Leather_138,Leather_138|Leather_65|Leather_137,True,True,0.868784,0.225726
"dinov2_vits14 + augmentation prototypes, N=30",42,my_dataset_test_filtered\Leather_138\1750491113039.jpg,Leather_138,contrast,mild,0,Leather_138,Leather_138|Leather_137|Leather_65,True,True,0.857657,0.214049
"dinov2_vits14 + augmentation prototypes, N=30",42,my_dataset_test_filtered\Leather_138\1750491113039.jpg,Leather_138,color_jitter,mild,0,Leather_138,Leather_138|Leather_65|Leather_137,True,True,0.862092,0.226158
"dinov2_vits14 + augmentation prototypes, N=30",42,my_dataset_test_filtered\Leather_138\1750491113039.jpg,Leather_138,gaussian_blur,mild,0,Leather_138,Leather_138|Leather_65|Leather_137,True,True,0.871412,0.221061
"dinov2_vits14 + augmentation prototypes, N=30",42,my_dataset_test_filtered\Leather_138\1750491113039.jpg,Leather_138,gaussian_noise,mild,0,Leather_138,Leather_138|Leather_65|Leather_137,True,True,0.871777,0.222101
"dinov2_vits14 + augmentation prototypes, N=30",42,my_dataset_test_filtered\Leather_138\1750491113039.jpg,Leather_138,jpeg_compression,mild,0,Leather_138,Leather_138|Leather_65|Leather_137,True,True,0.871443,0.222373
"dinov2_vits14 + augmentation prototypes, N=30",42,my_dataset_test_filtered\Leather_138\1750491113039.jpg,Leather_138,rotation,mild,0,Leather_138,Leather_138|Leather_65|Leather_137,True,True,0.895848,0.227185
"dinov2_vits14 + augmentation prototypes, N=30",42,my_dataset_test_filtered\Leather_138\1750491113039.jpg,Leather_138,crop_scale,mild,0,Leather_138,Leather_138|Leather_65|Leather_66,True,True,0.943744,0.233429
"dinov2_vits14 + augmentation prototypes, N=30",42,my_dataset_test_filtered\Leather_139\1750491172226.jpg,Leather_139,brightness,mild,0,Leather_139,Leather_139|Leather_37|Leather_55,True,True,0.936718,0.250885
"dinov2_vits14 + augmentation prototypes, N=30",42,my_dataset_test_filtered\Leather_139\1750491172226.jpg,Leather_139,contrast,mild,0,Leather_139,Leather_139|Leather_37|Leather_55,True,True,0.934697,0.239127
"dinov2_vits14 + augmentation prototypes, N=30",42,my_dataset_test_filtered\Leather_139\1750491172226.jpg,Leather_139,color_jitter,mild,0,Leather_139,Leather_139|Leather_37|Leather_55,True,True,0.941908,0.23288
"dinov2_vits14 + augmentation prototypes, N=30",42,my_dataset_test_filtered\Leather_139\1750491172226.jpg,Leather_139,gaussian_blur,mild,0,Leather_139,Leather_139|Leather_37|Leather_55,True,True,0.936466,0.249863
"dinov2_vits14 + augmentation prototypes, N=30",42,my_dataset_test_filtered\Leather_139\1750491172226.jpg,Leather_139,gaussian_noise,mild,0,Leather_139,Leather_139|Leather_37|Leather_55,True,True,0.939324,0.245095
"dinov2_vits14 + augmentation prototypes, N=30",42,my_dataset_test_filtered\Leather_139\1750491172226.jpg,Leather_139,jpeg_compression,mild,0,Leather_139,Leather_139|Leather_37|Leather_55,True,True,0.942899,0.244567
"dinov2_vits14 + augmentation prototypes, N=30",42,my_dataset_test_filtered\Leather_139\1750491172226.jpg,Leather_139,rotation,mild,0,Leather_139,Leather_139|Leather_37|Leather_55,True,True,0.919596,0.205746
"dinov2_vits14 + augmentation prototypes, N=30",42,my_dataset_test_filtered\Leather_139\1750491172226.jpg,Leather_139,crop_scale,mild,0,Leather_139,Leather_139|Leather_37|Leather_43,True,True,0.960524,0.22429
"dinov2_vits14 + augmentation prototypes, N=30",42,my_dataset_test_filtered\Leather_14\1750408447980.jpg,Leather_14,brightness,mild,0,Leather_14,Leather_14|Leather_192|Leather_02,True,True,0.798906,0.070175
"dinov2_vits14 + augmentation prototypes, N=30",42,my_dataset_test_filtered\Leather_14\1750408447980.jpg,Leather_14,contrast,mild,0,Leather_14,Leather_14|Leather_192|Leather_02,True,True,0.791247,0.076687
"dinov2_vits14 + augmentation prototypes, N=30",42,my_dataset_test_filtered\Leather_14\1750408447980.jpg,Leather_14,color_jitter,mild,0,Leather_14,Leather_14|Leather_192|Leather_02,True,True,0.798072,0.082572
"dinov2_vits14 + augmentation prototypes, N=30",42,my_dataset_test_filtered\Leather_14\1750408447980.jpg,Leather_14,gaussian_blur,mild,0,Leather_14,Leather_14|Leather_192|Leather_02,True,True,0.800725,0.080213
"dinov2_vits14 + augmentation prototypes, N=30",42,my_dataset_test_filtered\Leather_14\1750408447980.jpg,Leather_14,gaussian_noise,mild,0,Leather_14,Leather_14|Leather_192|Leather_02,True,True,0.719289,0.040318
"dinov2_vits14 + augmentation prototypes, N=30",42,my_dataset_test_filtered\Leather_14\1750408447980.jpg,Leather_14,jpeg_compression,mild,0,Leather_14,Leather_14|Leather_192|Leather_02,True,True,0.780588,0.075215
"dinov2_vits14 + augmentation prototypes, N=30",42,my_dataset_test_filtered\Leather_14\1750408447980.jpg,Leather_14,rotation,mild,0,Leather_14,Leather_14|Leather_192|Leather_07,True,True,0.743254,0.069717
"dinov2_vits14 + augmentation prototypes, N=30",42,my_dataset_test_filtered\Leather_14\1750408447980.jpg,Leather_14,crop_scale,mild,0,Leather_14,Leather_14|Leather_192|Leather_07,True,True,0.837594,0.066957
"dinov2_vits14 + augmentation prototypes, N=30",42,my_dataset_test_filtered\Leather_141\1750491343747.jpg,Leather_141,brightness,mild,0,Leather_141,Leather_141|Leather_133|Leather_50,True,True,0.96623,0.20967
"dinov2_vits14 + augmentation prototypes, N=30",42,my_dataset_test_filtered\Leather_141\1750491343747.jpg,Leather_141,contrast,mild,0,Leather_141,Leather_141|Leather_133|Leather_50,True,True,0.964033,0.203837
"dinov2_vits14 + augmentation prototypes, N=30",42,my_dataset_test_filtered\Leather_141\1750491343747.jpg,Leather_141,color_jitter,mild,0,Leather_141,Leather_141|Leather_133|Leather_50,True,True,0.961207,0.201645
"dinov2_vits14 + augmentation prototypes, N=30",42,my_dataset_test_filtered\Leather_141\1750491343747.jpg,Leather_141,gaussian_blur,mild,0,Leather_141,Leather_141|Leather_133|Leather_50,True,True,0.964751,0.206694
"dinov2_vits14 + augmentation prototypes, N=30",42,my_dataset_test_filtered\Leather_141\1750491343747.jpg,Leather_141,gaussian_noise,mild,0,Leather_141,Leather_141|Leather_133|Leather_50,True,True,0.965264,0.208753
"dinov2_vits14 + augmentation prototypes, N=30",42,my_dataset_test_filtered\Leather_141\1750491343747.jpg,Leather_141,jpeg_compression,mild,0,Leather_141,Leather_141|Leather_133|Leather_50,True,True,0.96485,0.206165
"dinov2_vits14 + augmentation prototypes, N=30",42,my_dataset_test_filtered\Leather_141\1750491343747.jpg,Leather_141,rotation,mild,0,Leather_141,Leather_141|Leather_133|Leather_50,True,True,0.963086,0.202483
"dinov2_vits14 + augmentation prototypes, N=30",42,my_dataset_test_filtered\Leather_141\1750491343747.jpg,Leather_141,crop_scale,mild,0,Leather_141,Leather_141|Leather_133|Leather_50,True,True,0.961759,0.214458
"dinov2_vits14 + augmentation prototypes, N=30",42,my_dataset_test_filtered\Leather_142\1750491376753.jpg,Leather_142,brightness,mild,0,Leather_142,Leather_142|Leather_37|Leather_120,True,True,0.798753,0.221337
"dinov2_vits14 + augmentation prototypes, N=30",42,my_dataset_test_filtered\Leather_142\1750491376753.jpg,Leather_142,contrast,mild,0,Leather_142,Leather_142|Leather_37|Leather_120,True,True,0.744907,0.187891
"dinov2_vits14 + augmentation prototypes, N=30",42,my_dataset_test_filtered\Leather_142\1750491376753.jpg,Leather_142,color_jitter,mild,0,Leather_142,Leather_142|Leather_37|Leather_120,True,True,0.813149,0.228188
"dinov2_vits14 + augmentation prototypes, N=30",42,my_dataset_test_filtered\Leather_142\1750491376753.jpg,Leather_142,gaussian_blur,mild,0,Leather_142,Leather_142|Leather_37|Leather_120,True,True,0.741326,0.191143
"dinov2_vits14 + augmentation prototypes, N=30",42,my_dataset_test_filtered\Leather_142\1750491376753.jpg,Leather_142,gaussian_noise,mild,0,Leather_142,Leather_142|Leather_37|Leather_120,True,True,0.789405,0.21067
"dinov2_vits14 + augmentation prototypes, N=30",42,my_dataset_test_filtered\Leather_142\1750491376753.jpg,Leather_142,jpeg_compression,mild,0,Leather_142,Leather_142|Leather_37|Leather_120,True,True,0.773917,0.19944
"dinov2_vits14 + augmentation prototypes, N=30",42,my_dataset_test_filtered\Leather_142\1750491376753.jpg,Leather_142,rotation,mild,0,Leather_142,Leather_142|Leather_140|Leather_37,True,True,0.96926,0.279067
"dinov2_vits14 + augmentation prototypes, N=30",42,my_dataset_test_filtered\Leather_142\1750491376753.jpg,Leather_142,crop_scale,mild,0,Leather_142,Leather_142|Leather_140|Leather_37,True,True,0.969779,0.311769
"dinov2_vits14 + augmentation prototypes, N=30",42,my_dataset_test_filtered\Leather_143\1750491416883.jpg,Leather_143,brightness,mild,0,Leather_143,Leather_143|Leather_137|Leather_50,True,True,0.916166,0.333328
"dinov2_vits14 + augmentation prototypes, N=30",42,my_dataset_test_filtered\Leather_143\1750491416883.jpg,Leather_143,contrast,mild,0,Leather_143,Leather_143|Leather_50|Leather_137,True,True,0.913998,0.332305
"dinov2_vits14 + augmentation prototypes, N=30",42,my_dataset_test_filtered\Leather_143\1750491416883.jpg,Leather_143,color_jitter,mild,0,Leather_143,Leather_143|Leather_127|Leather_50,True,True,0.907536,0.350629
"dinov2_vits14 + augmentation prototypes, N=30",42,my_dataset_test_filtered\Leather_143\1750491416883.jpg,Leather_143,gaussian_blur,mild,0,Leather_143,Leather_143|Leather_50|Leather_137,True,True,0.915421,0.33486
"dinov2_vits14 + augmentation prototypes, N=30",42,my_dataset_test_filtered\Leather_143\1750491416883.jpg,Leather_143,gaussian_noise,mild,0,Leather_143,Leather_143|Leather_50|Leather_127,True,True,0.913005,0.343908
"dinov2_vits14 + augmentation prototypes, N=30",42,my_dataset_test_filtered\Leather_143\1750491416883.jpg,Leather_143,jpeg_compression,mild,0,Leather_143,Leather_143|Leather_50|Leather_127,True,True,0.915667,0.334151
"dinov2_vits14 + augmentation prototypes, N=30",42,my_dataset_test_filtered\Leather_143\1750491416883.jpg,Leather_143,rotation,mild,0,Leather_143,Leather_143|Leather_50|Leather_127,True,True,0.921261,0.33455
"dinov2_vits14 + augmentation prototypes, N=30",42,my_dataset_test_filtered\Leather_143\1750491416883.jpg,Leather_143,crop_scale,mild,0,Leather_143,Leather_143|Leather_50|Leather_127,True,True,0.920356,0.297368
"dinov2_vits14 + augmentation prototypes, N=30",42,my_dataset_test_filtered\Leather_144\1750491458976.jpg,Leather_144,brightness,mild,0,Leather_144,Leather_144|Leather_78|Leather_84,True,True,0.791524,0.024657
"dinov2_vits14 + augmentation prototypes, N=30",42,my_dataset_test_filtered\Leather_144\1750491458976.jpg,Leather_144,contrast,mild,0,Leather_144,Leather_144|Leather_78|Leather_118,True,True,0.782979,0.014729
"dinov2_vits14 + augmentation prototypes, N=30",42,my_dataset_test_filtered\Leather_144\1750491458976.jpg,Leather_144,color_jitter,mild,0,Leather_144,Leather_144|Leather_78|Leather_118,True,True,0.790301,0.026948
"dinov2_vits14 + augmentation prototypes, N=30",42,my_dataset_test_filtered\Leather_144\1750491458976.jpg,Leather_144,gaussian_blur,mild,0,Leather_144,Leather_144|Leather_78|Leather_118,True,True,0.788479,0.02078
"dinov2_vits14 + augmentation prototypes, N=30",42,my_dataset_test_filtered\Leather_144\1750491458976.jpg,Leather_144,gaussian_noise,mild,0,Leather_144,Leather_144|Leather_78|Leather_118,True,True,0.790948,0.022056
"dinov2_vits14 + augmentation prototypes, N=30",42,my_dataset_test_filtered\Leather_144\1750491458976.jpg,Leather_144,jpeg_compression,mild,0,Leather_144,Leather_144|Leather_78|Leather_118,True,True,0.794148,0.023301
"dinov2_vits14 + augmentation prototypes, N=30",42,my_dataset_test_filtered\Leather_144\1750491458976.jpg,Leather_144,rotation,mild,0,Leather_84,Leather_84|Leather_78|Leather_69,False,False,0.74421,0.013898
"dinov2_vits14 + augmentation prototypes, N=30",42,my_dataset_test_filtered\Leather_144\1750491458976.jpg,Leather_144,crop_scale,mild,0,Leather_144,Leather_144|Leather_118|Leather_78,True,True,0.746473,0.03251
"dinov2_vits14 + augmentation prototypes, N=30",42,my_dataset_test_filtered\Leather_145\1750491505929.jpg,Leather_145,brightness,mild,0,Leather_145,Leather_145|Leather_58|Leather_83,True,True,0.904048,0.067562
"dinov2_vits14 + augmentation prototypes, N=30",42,my_dataset_test_filtered\Leather_145\1750491505929.jpg,Leather_145,contrast,mild,0,Leather_145,Leather_145|Leather_58|Leather_76,True,True,0.912803,0.062243
"dinov2_vits14 + augmentation prototypes, N=30",42,my_dataset_test_filtered\Leather_145\1750491505929.jpg,Leather_145,color_jitter,mild,0,Leather_145,Leather_145|Leather_58|Leather_83,True,True,0.911868,0.068693
"dinov2_vits14 + augmentation prototypes, N=30",42,my_dataset_test_filtered\Leather_145\1750491505929.jpg,Leather_145,gaussian_blur,mild,0,Leather_145,Leather_145|Leather_58|Leather_83,True,True,0.904673,0.068518
"dinov2_vits14 + augmentation prototypes, N=30",42,my_dataset_test_filtered\Leather_145\1750491505929.jpg,Leather_145,gaussian_noise,mild,0,Leather_145,Leather_145|Leather_58|Leather_83,True,True,0.91574,0.06706
"dinov2_vits14 + augmentation prototypes, N=30",42,my_dataset_test_filtered\Leather_145\1750491505929.jpg,Leather_145,jpeg_compression,mild,0,Leather_145,Leather_145|Leather_58|Leather_76,True,True,0.919055,0.068833
"dinov2_vits14 + augmentation prototypes, N=30",42,my_dataset_test_filtered\Leather_145\1750491505929.jpg,Leather_145,rotation,mild,0,Leather_145,Leather_145|Leather_58|Leather_76,True,True,0.776006,0.077661
"dinov2_vits14 + augmentation prototypes, N=30",42,my_dataset_test_filtered\Leather_145\1750491505929.jpg,Leather_145,crop_scale,mild,0,Leather_145,Leather_145|Leather_58|Leather_76,True,True,0.908745,0.061829
"dinov2_vits14 + augmentation prototypes, N=30",42,my_dataset_test_filtered\Leather_146\1750491548136.jpg,Leather_146,brightness,mild,0,Leather_146,Leather_146|Leather_118|Leather_81,True,True,0.677572,0.068344
"dinov2_vits14 + augmentation prototypes, N=30",42,my_dataset_test_filtered\Leather_146\1750491548136.jpg,Leather_146,contrast,mild,0,Leather_146,Leather_146|Leather_118|Leather_81,True,True,0.671692,0.062939
"dinov2_vits14 + augmentation prototypes, N=30",42,my_dataset_test_filtered\Leather_146\1750491548136.jpg,Leather_146,color_jitter,mild,0,Leather_146,Leather_146|Leather_118|Leather_81,True,True,0.685461,0.084397
"dinov2_vits14 + augmentation prototypes, N=30",42,my_dataset_test_filtered\Leather_146\1750491548136.jpg,Leather_146,gaussian_blur,mild,0,Leather_146,Leather_146|Leather_118|Leather_81,True,True,0.672038,0.065715
"dinov2_vits14 + augmentation prototypes, N=30",42,my_dataset_test_filtered\Leather_146\1750491548136.jpg,Leather_146,gaussian_noise,mild,0,Leather_146,Leather_146|Leather_118|Leather_81,True,True,0.691137,0.071245
"dinov2_vits14 + augmentation prototypes, N=30",42,my_dataset_test_filtered\Leather_146\1750491548136.jpg,Leather_146,jpeg_compression,mild,0,Leather_146,Leather_146|Leather_118|Leather_81,True,True,0.685292,0.070279
"dinov2_vits14 + augmentation prototypes, N=30",42,my_dataset_test_filtered\Leather_146\1750491548136.jpg,Leather_146,rotation,mild,0,Leather_146,Leather_146|Leather_118|Leather_81,True,True,0.732863,0.116645
"dinov2_vits14 + augmentation prototypes, N=30",42,my_dataset_test_filtered\Leather_146\1750491548136.jpg,Leather_146,crop_scale,mild,0,Leather_146,Leather_146|Leather_118|Leather_81,True,True,0.692244,0.065572
"dinov2_vits14 + augmentation prototypes, N=30",42,my_dataset_test_filtered\Leather_147\1750491588458.jpg,Leather_147,brightness,mild,0,Leather_147,Leather_147|Leather_53|Leather_79,True,True,0.767862,0.121112
"dinov2_vits14 + augmentation prototypes, N=30",42,my_dataset_test_filtered\Leather_147\1750491588458.jpg,Leather_147,contrast,mild,0,Leather_147,Leather_147|Leather_53|Leather_79,True,True,0.778359,0.125346
"dinov2_vits14 + augmentation prototypes, N=30",42,my_dataset_test_filtered\Leather_147\1750491588458.jpg,Leather_147,color_jitter,mild,0,Leather_147,Leather_147|Leather_53|Leather_79,True,True,0.751332,0.114541
"dinov2_vits14 + augmentation prototypes, N=30",42,my_dataset_test_filtered\Leather_147\1750491588458.jpg,Leather_147,gaussian_blur,mild,0,Leather_147,Leather_147|Leather_53|Leather_79,True,True,0.750035,0.111681
"dinov2_vits14 + augmentation prototypes, N=30",42,my_dataset_test_filtered\Leather_147\1750491588458.jpg,Leather_147,gaussian_noise,mild,0,Leather_147,Leather_147|Leather_53|Leather_79,True,True,0.744771,0.104177
"dinov2_vits14 + augmentation prototypes, N=30",42,my_dataset_test_filtered\Leather_147\1750491588458.jpg,Leather_147,jpeg_compression,mild,0,Leather_147,Leather_147|Leather_53|Leather_79,True,True,0.76914,0.121184
"dinov2_vits14 + augmentation prototypes, N=30",42,my_dataset_test_filtered\Leather_147\1750491588458.jpg,Leather_147,rotation,mild,0,Leather_147,Leather_147|Leather_79|Leather_80,True,True,0.840847,0.156269
"dinov2_vits14 + augmentation prototypes, N=30",42,my_dataset_test_filtered\Leather_147\1750491588458.jpg,Leather_147,crop_scale,mild,0,Leather_147,Leather_147|Leather_80|Leather_79,True,True,0.918363,0.20023
"dinov2_vits14 + augmentation prototypes, N=30",42,my_dataset_test_filtered\Leather_148\1750491631763.jpg,Leather_148,brightness,mild,0,Leather_148,Leather_148|Leather_67|Leather_69,True,True,0.953594,0.130776
"dinov2_vits14 + augmentation prototypes, N=30",42,my_dataset_test_filtered\Leather_148\1750491631763.jpg,Leather_148,contrast,mild,0,Leather_148,Leather_148|Leather_67|Leather_69,True,True,0.947563,0.133035
"dinov2_vits14 + augmentation prototypes, N=30",42,my_dataset_test_filtered\Leather_148\1750491631763.jpg,Leather_148,color_jitter,mild,0,Leather_148,Leather_148|Leather_67|Leather_69,True,True,0.96203,0.143668
"dinov2_vits14 + augmentation prototypes, N=30",42,my_dataset_test_filtered\Leather_148\1750491631763.jpg,Leather_148,gaussian_blur,mild,0,Leather_148,Leather_148|Leather_67|Leather_69,True,True,0.95833,0.133916
"dinov2_vits14 + augmentation prototypes, N=30",42,my_dataset_test_filtered\Leather_148\1750491631763.jpg,Leather_148,gaussian_noise,mild,0,Leather_148,Leather_148|Leather_67|Leather_69,True,True,0.96167,0.131221
"dinov2_vits14 + augmentation prototypes, N=30",42,my_dataset_test_filtered\Leather_148\1750491631763.jpg,Leather_148,jpeg_compression,mild,0,Leather_148,Leather_148|Leather_67|Leather_69,True,True,0.960018,0.13598
"dinov2_vits14 + augmentation prototypes, N=30",42,my_dataset_test_filtered\Leather_148\1750491631763.jpg,Leather_148,rotation,mild,0,Leather_148,Leather_148|Leather_69|Leather_67,True,True,0.956384,0.131837
"dinov2_vits14 + augmentation prototypes, N=30",42,my_dataset_test_filtered\Leather_148\1750491631763.jpg,Leather_148,crop_scale,mild,0,Leather_148,Leather_148|Leather_69|Leather_67,True,True,0.96977,0.134704
"dinov2_vits14 + augmentation prototypes, N=30",42,my_dataset_test_filtered\Leather_149\1750491671545.jpg,Leather_149,brightness,mild,0,Leather_149,Leather_149|Leather_73|Leather_32,True,True,0.969973,0.297776
"dinov2_vits14 + augmentation prototypes, N=30",42,my_dataset_test_filtered\Leather_149\1750491671545.jpg,Leather_149,contrast,mild,0,Leather_149,Leather_149|Leather_73|Leather_32,True,True,0.969014,0.292337
"dinov2_vits14 + augmentation prototypes, N=30",42,my_dataset_test_filtered\Leather_149\1750491671545.jpg,Leather_149,color_jitter,mild,0,Leather_149,Leather_149|Leather_73|Leather_32,True,True,0.967791,0.294181
"dinov2_vits14 + augmentation prototypes, N=30",42,my_dataset_test_filtered\Leather_149\1750491671545.jpg,Leather_149,gaussian_blur,mild,0,Leather_149,Leather_149|Leather_73|Leather_32,True,True,0.972156,0.300571
"dinov2_vits14 + augmentation prototypes, N=30",42,my_dataset_test_filtered\Leather_149\1750491671545.jpg,Leather_149,gaussian_noise,mild,0,Leather_149,Leather_149|Leather_73|Leather_32,True,True,0.971021,0.29515
"dinov2_vits14 + augmentation prototypes, N=30",42,my_dataset_test_filtered\Leather_149\1750491671545.jpg,Leather_149,jpeg_compression,mild,0,Leather_149,Leather_149|Leather_73|Leather_32,True,True,0.970924,0.298529
"dinov2_vits14 + augmentation prototypes, N=30",42,my_dataset_test_filtered\Leather_149\1750491671545.jpg,Leather_149,rotation,mild,0,Leather_149,Leather_149|Leather_73|Leather_32,True,True,0.96804,0.288529
"dinov2_vits14 + augmentation prototypes, N=30",42,my_dataset_test_filtered\Leather_149\1750491671545.jpg,Leather_149,crop_scale,mild,0,Leather_149,Leather_149|Leather_73|Leather_32,True,True,0.971801,0.258224
"dinov2_vits14 + augmentation prototypes, N=30",42,my_dataset_test_filtered\Leather_15\1750408503377.jpg,Leather_15,brightness,mild,0,Leather_15,Leather_15|Leather_28|Leather_152,True,True,0.938916,0.17578
"dinov2_vits14 + augmentation prototypes, N=30",42,my_dataset_test_filtered\Leather_15\1750408503377.jpg,Leather_15,contrast,mild,0,Leather_15,Leather_15|Leather_28|Leather_07,True,True,0.934883,0.16839
"dinov2_vits14 + augmentation prototypes, N=30",42,my_dataset_test_filtered\Leather_15\1750408503377.jpg,Leather_15,color_jitter,mild,0,Leather_15,Leather_15|Leather_28|Leather_07,True,True,0.936497,0.173185
"dinov2_vits14 + augmentation prototypes, N=30",42,my_dataset_test_filtered\Leather_15\1750408503377.jpg,Leather_15,gaussian_blur,mild,0,Leather_15,Leather_15|Leather_28|Leather_152,True,True,0.935495,0.181138
"dinov2_vits14 + augmentation prototypes, N=30",42,my_dataset_test_filtered\Leather_15\1750408503377.jpg,Leather_15,gaussian_noise,mild,0,Leather_15,Leather_15|Leather_28|Leather_07,True,True,0.896863,0.146919
"dinov2_vits14 + augmentation prototypes, N=30",42,my_dataset_test_filtered\Leather_15\1750408503377.jpg,Leather_15,jpeg_compression,mild,0,Leather_15,Leather_15|Leather_28|Leather_152,True,True,0.916644,0.196857
"dinov2_vits14 + augmentation prototypes, N=30",42,my_dataset_test_filtered\Leather_15\1750408503377.jpg,Leather_15,rotation,mild,0,Leather_15,Leather_15|Leather_28|Leather_07,True,True,0.680447,0.130845
"dinov2_vits14 + augmentation prototypes, N=30",42,my_dataset_test_filtered\Leather_15\1750408503377.jpg,Leather_15,crop_scale,mild,0,Leather_15,Leather_15|Leather_28|Leather_07,True,True,0.923025,0.232213
"dinov2_vits14 + augmentation prototypes, N=30",42,my_dataset_test_filtered\Leather_150\1750491705037.jpg,Leather_150,brightness,mild,0,Leather_150,Leather_150|Leather_118|Leather_84,True,True,0.912884,0.067548
"dinov2_vits14 + augmentation prototypes, N=30",42,my_dataset_test_filtered\Leather_150\1750491705037.jpg,Leather_150,contrast,mild,0,Leather_150,Leather_150|Leather_118|Leather_78,True,True,0.905042,0.048552
"dinov2_vits14 + augmentation prototypes, N=30",42,my_dataset_test_filtered\Leather_150\1750491705037.jpg,Leather_150,color_jitter,mild,0,Leather_150,Leather_150|Leather_118|Leather_122,True,True,0.910407,0.070431
"dinov2_vits14 + augmentation prototypes, N=30",42,my_dataset_test_filtered\Leather_150\1750491705037.jpg,Leather_150,gaussian_blur,mild,0,Leather_150,Leather_150|Leather_118|Leather_78,True,True,0.903228,0.058094
"dinov2_vits14 + augmentation prototypes, N=30",42,my_dataset_test_filtered\Leather_150\1750491705037.jpg,Leather_150,gaussian_noise,mild,0,Leather_150,Leather_150|Leather_118|Leather_84,True,True,0.910627,0.068258
"dinov2_vits14 + augmentation prototypes, N=30",42,my_dataset_test_filtered\Leather_150\1750491705037.jpg,Leather_150,jpeg_compression,mild,0,Leather_150,Leather_150|Leather_118|Leather_84,True,True,0.914061,0.068457
"dinov2_vits14 + augmentation prototypes, N=30",42,my_dataset_test_filtered\Leather_150\1750491705037.jpg,Leather_150,rotation,mild,0,Leather_150,Leather_150|Leather_144|Leather_146,True,True,0.899474,0.016891
"dinov2_vits14 + augmentation prototypes, N=30",42,my_dataset_test_filtered\Leather_150\1750491705037.jpg,Leather_150,crop_scale,mild,0,Leather_150,Leather_150|Leather_122|Leather_84,True,True,0.91548,0.076467
"dinov2_vits14 + augmentation prototypes, N=30",42,my_dataset_test_filtered\Leather_151\1750643059336.jpg,Leather_151,brightness,mild,0,Leather_151,Leather_151|Leather_155|Leather_170,True,True,0.784711,0.029649
"dinov2_vits14 + augmentation prototypes, N=30",42,my_dataset_test_filtered\Leather_151\1750643059336.jpg,Leather_151,contrast,mild,0,Leather_151,Leather_151|Leather_155|Leather_170,True,True,0.796062,0.043496
"dinov2_vits14 + augmentation prototypes, N=30",42,my_dataset_test_filtered\Leather_151\1750643059336.jpg,Leather_151,color_jitter,mild,0,Leather_155,Leather_155|Leather_151|Leather_170,False,True,0.761438,0.021326
"dinov2_vits14 + augmentation prototypes, N=30",42,my_dataset_test_filtered\Leather_151\1750643059336.jpg,Leather_151,gaussian_blur,mild,0,Leather_155,Leather_155|Leather_151|Leather_170,False,True,0.7628,0.011521
"dinov2_vits14 + augmentation prototypes, N=30",42,my_dataset_test_filtered\Leather_151\1750643059336.jpg,Leather_151,gaussian_noise,mild,0,Leather_151,Leather_151|Leather_155|Leather_170,True,True,0.769985,0.025491
"dinov2_vits14 + augmentation prototypes, N=30",42,my_dataset_test_filtered\Leather_151\1750643059336.jpg,Leather_151,jpeg_compression,mild,0,Leather_151,Leather_151|Leather_155|Leather_170,True,True,0.816289,0.045352
"dinov2_vits14 + augmentation prototypes, N=30",42,my_dataset_test_filtered\Leather_151\1750643059336.jpg,Leather_151,rotation,mild,0,Leather_151,Leather_151|Leather_155|Leather_159,True,True,0.871614,0.146181
"dinov2_vits14 + augmentation prototypes, N=30",42,my_dataset_test_filtered\Leather_151\1750643059336.jpg,Leather_151,crop_scale,mild,0,Leather_151,Leather_151|Leather_159|Leather_175,True,True,0.933995,0.110909
"dinov2_vits14 + augmentation prototypes, N=30",42,my_dataset_test_filtered\Leather_152\1750643150581.jpg,Leather_152,brightness,mild,0,Leather_152,Leather_152|Leather_188|Leather_17,True,True,0.969569,0.088431
"dinov2_vits14 + augmentation prototypes, N=30",42,my_dataset_test_filtered\Leather_152\1750643150581.jpg,Leather_152,contrast,mild,0,Leather_152,Leather_152|Leather_17|Leather_188,True,True,0.970555,0.100582
"dinov2_vits14 + augmentation prototypes, N=30",42,my_dataset_test_filtered\Leather_152\1750643150581.jpg,Leather_152,color_jitter,mild,0,Leather_152,Leather_152|Leather_188|Leather_186,True,True,0.973401,0.10726
"dinov2_vits14 + augmentation prototypes, N=30",42,my_dataset_test_filtered\Leather_152\1750643150581.jpg,Leather_152,gaussian_blur,mild,0,Leather_152,Leather_152|Leather_188|Leather_17,True,True,0.97396,0.098831
"dinov2_vits14 + augmentation prototypes, N=30",42,my_dataset_test_filtered\Leather_152\1750643150581.jpg,Leather_152,gaussian_noise,mild,0,Leather_152,Leather_152|Leather_17|Leather_186,True,True,0.962518,0.099691
"dinov2_vits14 + augmentation prototypes, N=30",42,my_dataset_test_filtered\Leather_152\1750643150581.jpg,Leather_152,jpeg_compression,mild,0,Leather_152,Leather_152|Leather_17|Leather_186,True,True,0.965175,0.093616
"dinov2_vits14 + augmentation prototypes, N=30",42,my_dataset_test_filtered\Leather_152\1750643150581.jpg,Leather_152,rotation,mild,0,Leather_152,Leather_152|Leather_188|Leather_184,True,True,0.966781,0.060773
"dinov2_vits14 + augmentation prototypes, N=30",42,my_dataset_test_filtered\Leather_152\1750643150581.jpg,Leather_152,crop_scale,mild,0,Leather_152,Leather_152|Leather_188|Leather_17,True,True,0.975719,0.091244
"dinov2_vits14 + augmentation prototypes, N=30",42,my_dataset_test_filtered\Leather_153\1750643340909.jpg,Leather_153,brightness,mild,0,Leather_153,Leather_153|Leather_164|Leather_161,True,True,0.779877,0.031999
"dinov2_vits14 + augmentation prototypes, N=30",42,my_dataset_test_filtered\Leather_153\1750643340909.jpg,Leather_153,contrast,mild,0,Leather_153,Leather_153|Leather_164|Leather_161,True,True,0.779234,0.015976
"dinov2_vits14 + augmentation prototypes, N=30",42,my_dataset_test_filtered\Leather_153\1750643340909.jpg,Leather_153,color_jitter,mild,0,Leather_153,Leather_153|Leather_164|Leather_161,True,True,0.786488,0.043609
"dinov2_vits14 + augmentation prototypes, N=30",42,my_dataset_test_filtered\Leather_153\1750643340909.jpg,Leather_153,gaussian_blur,mild,0,Leather_153,Leather_153|Leather_164|Leather_161,True,True,0.780189,0.032542
"dinov2_vits14 + augmentation prototypes, N=30",42,my_dataset_test_filtered\Leather_153\1750643340909.jpg,Leather_153,gaussian_noise,mild,0,Leather_153,Leather_153|Leather_164|Leather_161,True,True,0.789573,0.026779
"dinov2_vits14 + augmentation prototypes, N=30",42,my_dataset_test_filtered\Leather_153\1750643340909.jpg,Leather_153,jpeg_compression,mild,0,Leather_153,Leather_153|Leather_164|Leather_161,True,True,0.780459,0.0176
"dinov2_vits14 + augmentation prototypes, N=30",42,my_dataset_test_filtered\Leather_153\1750643340909.jpg,Leather_153,rotation,mild,0,Leather_153,Leather_153|Leather_164|Leather_161,True,True,0.752698,0.000572
"dinov2_vits14 + augmentation prototypes, N=30",42,my_dataset_test_filtered\Leather_153\1750643340909.jpg,Leather_153,crop_scale,mild,0,Leather_192,Leather_192|Leather_13|Leather_161,False,False,0.640993,0.000362
"dinov2_vits14 + augmentation prototypes, N=30",42,my_dataset_test_filtered\Leather_154\1750643441264.jpg,Leather_154,brightness,mild,0,Leather_154,Leather_154|Leather_161|Leather_166,True,True,0.888139,0.017935
"dinov2_vits14 + augmentation prototypes, N=30",42,my_dataset_test_filtered\Leather_154\1750643441264.jpg,Leather_154,contrast,mild,0,Leather_154,Leather_154|Leather_161|Leather_166,True,True,0.882162,0.011499
"dinov2_vits14 + augmentation prototypes, N=30",42,my_dataset_test_filtered\Leather_154\1750643441264.jpg,Leather_154,color_jitter,mild,0,Leather_154,Leather_154|Leather_161|Leather_166,True,True,0.883484,0.024527
"dinov2_vits14 + augmentation prototypes, N=30",42,my_dataset_test_filtered\Leather_154\1750643441264.jpg,Leather_154,gaussian_blur,mild,0,Leather_154,Leather_154|Leather_161|Leather_166,True,True,0.881911,0.02016
"dinov2_vits14 + augmentation prototypes, N=30",42,my_dataset_test_filtered\Leather_154\1750643441264.jpg,Leather_154,gaussian_noise,mild,0,Leather_161,Leather_161|Leather_166|Leather_154,False,True,0.848319,0.002879
"dinov2_vits14 + augmentation prototypes, N=30",42,my_dataset_test_filtered\Leather_154\1750643441264.jpg,Leather_154,jpeg_compression,mild,0,Leather_154,Leather_154|Leather_161|Leather_166,True,True,0.897598,0.016942
"dinov2_vits14 + augmentation prototypes, N=30",42,my_dataset_test_filtered\Leather_154\1750643441264.jpg,Leather_154,rotation,mild,0,Leather_161,Leather_161|Leather_14|Leather_154,False,True,0.792064,0.001656
"dinov2_vits14 + augmentation prototypes, N=30",42,my_dataset_test_filtered\Leather_154\1750643441264.jpg,Leather_154,crop_scale,mild,0,Leather_154,Leather_154|Leather_161|Leather_164,True,True,0.925362,0.03097
"dinov2_vits14 + augmentation prototypes, N=30",42,my_dataset_test_filtered\Leather_155\1750643535877.jpg,Leather_155,brightness,mild,0,Leather_155,Leather_155|Leather_151|Leather_170,True,True,0.952848,0.216996
"dinov2_vits14 + augmentation prototypes, N=30",42,my_dataset_test_filtered\Leather_155\1750643535877.jpg,Leather_155,contrast,mild,0,Leather_155,Leather_155|Leather_151|Leather_170,True,True,0.951813,0.22261
"dinov2_vits14 + augmentation prototypes, N=30",42,my_dataset_test_filtered\Leather_155\1750643535877.jpg,Leather_155,color_jitter,mild,0,Leather_155,Leather_155|Leather_151|Leather_170,True,True,0.952481,0.263459
"dinov2_vits14 + augmentation prototypes, N=30",42,my_dataset_test_filtered\Leather_155\1750643535877.jpg,Leather_155,gaussian_blur,mild,0,Leather_155,Leather_155|Leather_151|Leather_170,True,True,0.954852,0.247736
"dinov2_vits14 + augmentation prototypes, N=30",42,my_dataset_test_filtered\Leather_155\1750643535877.jpg,Leather_155,gaussian_noise,mild,0,Leather_155,Leather_155|Leather_151|Leather_170,True,True,0.955152,0.249623
"dinov2_vits14 + augmentation prototypes, N=30",42,my_dataset_test_filtered\Leather_155\1750643535877.jpg,Leather_155,jpeg_compression,mild,0,Leather_155,Leather_155|Leather_151|Leather_170,True,True,0.951759,0.224865
"dinov2_vits14 + augmentation prototypes, N=30",42,my_dataset_test_filtered\Leather_155\1750643535877.jpg,Leather_155,rotation,mild,0,Leather_155,Leather_155|Leather_151|Leather_170,True,True,0.949553,0.217462
"dinov2_vits14 + augmentation prototypes, N=30",42,my_dataset_test_filtered\Leather_155\1750643535877.jpg,Leather_155,crop_scale,mild,0,Leather_155,Leather_155|Leather_151|Leather_170,True,True,0.972879,0.330472
"dinov2_vits14 + augmentation prototypes, N=30",42,my_dataset_test_filtered\Leather_156\1750643658280.jpg,Leather_156,brightness,mild,0,Leather_156,Leather_156|Leather_179|Leather_163,True,True,0.799815,0.015674
"dinov2_vits14 + augmentation prototypes, N=30",42,my_dataset_test_filtered\Leather_156\1750643658280.jpg,Leather_156,contrast,mild,0,Leather_156,Leather_156|Leather_163|Leather_18,True,True,0.797876,0.028219
"dinov2_vits14 + augmentation prototypes, N=30",42,my_dataset_test_filtered\Leather_156\1750643658280.jpg,Leather_156,color_jitter,mild,0,Leather_156,Leather_156|Leather_179|Leather_163,True,True,0.815264,0.03897
"dinov2_vits14 + augmentation prototypes, N=30",42,my_dataset_test_filtered\Leather_156\1750643658280.jpg,Leather_156,gaussian_blur,mild,0,Leather_156,Leather_156|Leather_179|Leather_18,True,True,0.815104,0.049248
"dinov2_vits14 + augmentation prototypes, N=30",42,my_dataset_test_filtered\Leather_156\1750643658280.jpg,Leather_156,gaussian_noise,mild,0,Leather_156,Leather_156|Leather_202|Leather_18,True,True,0.801513,0.054963
"dinov2_vits14 + augmentation prototypes, N=30",42,my_dataset_test_filtered\Leather_156\1750643658280.jpg,Leather_156,jpeg_compression,mild,0,Leather_156,Leather_156|Leather_163|Leather_179,True,True,0.823094,0.040248
"dinov2_vits14 + augmentation prototypes, N=30",42,my_dataset_test_filtered\Leather_156\1750643658280.jpg,Leather_156,rotation,mild,0,Leather_156,Leather_156|Leather_179|Leather_163,True,True,0.843241,0.091462
"dinov2_vits14 + augmentation prototypes, N=30",42,my_dataset_test_filtered\Leather_156\1750643658280.jpg,Leather_156,crop_scale,mild,0,Leather_156,Leather_156|Leather_163|Leather_11,True,True,0.86507,0.065255
"dinov2_vits14 + augmentation prototypes, N=30",42,my_dataset_test_filtered\Leather_157\1750648997886.jpg,Leather_157,brightness,mild,0,Leather_157,Leather_157|Leather_16|Leather_160,True,True,0.86687,0.1577
"dinov2_vits14 + augmentation prototypes, N=30",42,my_dataset_test_filtered\Leather_157\1750648997886.jpg,Leather_157,contrast,mild,0,Leather_157,Leather_157|Leather_16|Leather_11,True,True,0.868511,0.163892
"dinov2_vits14 + augmentation prototypes, N=30",42,my_dataset_test_filtered\Leather_157\1750648997886.jpg,Leather_157,color_jitter,mild,0,Leather_157,Leather_157|Leather_16|Leather_11,True,True,0.874753,0.175578
"dinov2_vits14 + augmentation prototypes, N=30",42,my_dataset_test_filtered\Leather_157\1750648997886.jpg,Leather_157,gaussian_blur,mild,0,Leather_157,Leather_157|Leather_16|Leather_160,True,True,0.865869,0.162079
"dinov2_vits14 + augmentation prototypes, N=30",42,my_dataset_test_filtered\Leather_157\1750648997886.jpg,Leather_157,gaussian_noise,mild,0,Leather_157,Leather_157|Leather_16|Leather_11,True,True,0.860675,0.150064
"dinov2_vits14 + augmentation prototypes, N=30",42,my_dataset_test_filtered\Leather_157\1750648997886.jpg,Leather_157,jpeg_compression,mild,0,Leather_157,Leather_157|Leather_16|Leather_11,True,True,0.880888,0.185454
"dinov2_vits14 + augmentation prototypes, N=30",42,my_dataset_test_filtered\Leather_157\1750648997886.jpg,Leather_157,rotation,mild,0,Leather_157,Leather_157|Leather_16|Leather_10,True,True,0.858196,0.151197
"dinov2_vits14 + augmentation prototypes, N=30",42,my_dataset_test_filtered\Leather_157\1750648997886.jpg,Leather_157,crop_scale,mild,0,Leather_157,Leather_157|Leather_16|Leather_11,True,True,0.904482,0.190427
"dinov2_vits14 + augmentation prototypes, N=30",42,my_dataset_test_filtered\Leather_158\1750649068787.jpg,Leather_158,brightness,mild,0,Leather_158,Leather_158|Leather_168|Leather_26,True,True,0.677841,0.022552
"dinov2_vits14 + augmentation prototypes, N=30",42,my_dataset_test_filtered\Leather_158\1750649068787.jpg,Leather_158,contrast,mild,0,Leather_158,Leather_158|Leather_168|Leather_26,True,True,0.683028,0.018867
"dinov2_vits14 + augmentation prototypes, N=30",42,my_dataset_test_filtered\Leather_158\1750649068787.jpg,Leather_158,color_jitter,mild,0,Leather_158,Leather_158|Leather_199|Leather_195,True,True,0.767159,0.069901
"dinov2_vits14 + augmentation prototypes, N=30",42,my_dataset_test_filtered\Leather_158\1750649068787.jpg,Leather_158,gaussian_blur,mild,0,Leather_158,Leather_158|Leather_26|Leather_168,True,True,0.733063,0.063491
"dinov2_vits14 + augmentation prototypes, N=30",42,my_dataset_test_filtered\Leather_158\1750649068787.jpg,Leather_158,gaussian_noise,mild,0,Leather_158,Leather_158|Leather_199|Leather_195,True,True,0.803178,0.05692
"dinov2_vits14 + augmentation prototypes, N=30",42,my_dataset_test_filtered\Leather_158\1750649068787.jpg,Leather_158,jpeg_compression,mild,0,Leather_158,Leather_158|Leather_199|Leather_168,True,True,0.73762,0.055296
"dinov2_vits14 + augmentation prototypes, N=30",42,my_dataset_test_filtered\Leather_158\1750649068787.jpg,Leather_158,rotation,mild,0,Leather_158,Leather_158|Leather_195|Leather_199,True,True,0.669738,0.033861
"dinov2_vits14 + augmentation prototypes, N=30",42,my_dataset_test_filtered\Leather_158\1750649068787.jpg,Leather_158,crop_scale,mild,0,Leather_158,Leather_158|Leather_199|Leather_195,True,True,0.730047,0.025355
"dinov2_vits14 + augmentation prototypes, N=30",42,my_dataset_test_filtered\Leather_159\1750649136357.jpg,Leather_159,brightness,mild,0,Leather_159,Leather_159|Leather_151|Leather_08,True,True,0.966451,0.099599
"dinov2_vits14 + augmentation prototypes, N=30",42,my_dataset_test_filtered\Leather_159\1750649136357.jpg,Leather_159,contrast,mild,0,Leather_159,Leather_159|Leather_08|Leather_151,True,True,0.96257,0.104603
"dinov2_vits14 + augmentation prototypes, N=30",42,my_dataset_test_filtered\Leather_159\1750649136357.jpg,Leather_159,color_jitter,mild,0,Leather_159,Leather_159|Leather_151|Leather_08,True,True,0.968325,0.102751
"dinov2_vits14 + augmentation prototypes, N=30",42,my_dataset_test_filtered\Leather_159\1750649136357.jpg,Leather_159,gaussian_blur,mild,0,Leather_159,Leather_159|Leather_151|Leather_08,True,True,0.968546,0.101508
"dinov2_vits14 + augmentation prototypes, N=30",42,my_dataset_test_filtered\Leather_159\1750649136357.jpg,Leather_159,gaussian_noise,mild,0,Leather_159,Leather_159|Leather_08|Leather_188,True,True,0.954663,0.096305
"dinov2_vits14 + augmentation prototypes, N=30",42,my_dataset_test_filtered\Leather_159\1750649136357.jpg,Leather_159,jpeg_compression,mild,0,Leather_159,Leather_159|Leather_151|Leather_188,True,True,0.966082,0.103469
"dinov2_vits14 + augmentation prototypes, N=30",42,my_dataset_test_filtered\Leather_159\1750649136357.jpg,Leather_159,rotation,mild,0,Leather_159,Leather_159|Leather_27|Leather_151,True,True,0.968186,0.087169
"dinov2_vits14 + augmentation prototypes, N=30",42,my_dataset_test_filtered\Leather_159\1750649136357.jpg,Leather_159,crop_scale,mild,0,Leather_159,Leather_159|Leather_151|Leather_27,True,True,0.981112,0.105507
"dinov2_vits14 + augmentation prototypes, N=30",42,my_dataset_test_filtered\Leather_16\1750409233250.jpg,Leather_16,brightness,mild,0,Leather_16,Leather_16|Leather_160|Leather_10,True,True,0.806703,0.038361
"dinov2_vits14 + augmentation prototypes, N=30",42,my_dataset_test_filtered\Leather_16\1750409233250.jpg,Leather_16,contrast,mild,0,Leather_16,Leather_16|Leather_160|Leather_10,True,True,0.806316,0.039849
"dinov2_vits14 + augmentation prototypes, N=30",42,my_dataset_test_filtered\Leather_16\1750409233250.jpg,Leather_16,color_jitter,mild,0,Leather_16,Leather_16|Leather_160|Leather_10,True,True,0.812157,0.040383
"dinov2_vits14 + augmentation prototypes, N=30",42,my_dataset_test_filtered\Leather_16\1750409233250.jpg,Leather_16,gaussian_blur,mild,0,Leather_16,Leather_16|Leather_160|Leather_10,True,True,0.80499,0.039858
"dinov2_vits14 + augmentation prototypes, N=30",42,my_dataset_test_filtered\Leather_16\1750409233250.jpg,Leather_16,gaussian_noise,mild,0,Leather_16,Leather_16|Leather_160|Leather_10,True,True,0.786331,0.015482
"dinov2_vits14 + augmentation prototypes, N=30",42,my_dataset_test_filtered\Leather_16\1750409233250.jpg,Leather_16,jpeg_compression,mild,0,Leather_16,Leather_16|Leather_160|Leather_10,True,True,0.816004,0.037601
"dinov2_vits14 + augmentation prototypes, N=30",42,my_dataset_test_filtered\Leather_16\1750409233250.jpg,Leather_16,rotation,mild,0,Leather_16,Leather_16|Leather_10|Leather_160,True,True,0.911125,0.094924
"dinov2_vits14 + augmentation prototypes, N=30",42,my_dataset_test_filtered\Leather_16\1750409233250.jpg,Leather_16,crop_scale,mild,0,Leather_16,Leather_16|Leather_160|Leather_10,True,True,0.907429,0.062899
"dinov2_vits14 + augmentation prototypes, N=30",42,my_dataset_test_filtered\Leather_160\1750650791768.jpg,Leather_160,brightness,mild,0,Leather_160,Leather_160|Leather_161|Leather_03,True,True,0.905374,0.108425
"dinov2_vits14 + augmentation prototypes, N=30",42,my_dataset_test_filtered\Leather_160\1750650791768.jpg,Leather_160,contrast,mild,0,Leather_160,Leather_160|Leather_161|Leather_154,True,True,0.902967,0.081379
"dinov2_vits14 + augmentation prototypes, N=30",42,my_dataset_test_filtered\Leather_160\1750650791768.jpg,Leather_160,color_jitter,mild,0,Leather_160,Leather_160|Leather_161|Leather_154,True,True,0.916366,0.096314
"dinov2_vits14 + augmentation prototypes, N=30",42,my_dataset_test_filtered\Leather_160\1750650791768.jpg,Leather_160,gaussian_blur,mild,0,Leather_160,Leather_160|Leather_161|Leather_154,True,True,0.90646,0.103688
"dinov2_vits14 + augmentation prototypes, N=30",42,my_dataset_test_filtered\Leather_160\1750650791768.jpg,Leather_160,gaussian_noise,mild,0,Leather_160,Leather_160|Leather_161|Leather_154,True,True,0.861536,0.053814
"dinov2_vits14 + augmentation prototypes, N=30",42,my_dataset_test_filtered\Leather_160\1750650791768.jpg,Leather_160,jpeg_compression,mild,0,Leather_160,Leather_160|Leather_154|Leather_161,True,True,0.897899,0.071405
"dinov2_vits14 + augmentation prototypes, N=30",42,my_dataset_test_filtered\Leather_160\1750650791768.jpg,Leather_160,rotation,mild,0,Leather_160,Leather_160|Leather_13|Leather_18,True,True,0.647437,0.013647
"dinov2_vits14 + augmentation prototypes, N=30",42,my_dataset_test_filtered\Leather_160\1750650791768.jpg,Leather_160,crop_scale,mild,0,Leather_160,Leather_160|Leather_161|Leather_03,True,True,0.896194,0.076544
"dinov2_vits14 + augmentation prototypes, N=30",42,my_dataset_test_filtered\Leather_161\1750650924442.jpg,Leather_161,brightness,mild,0,Leather_161,Leather_161|Leather_173|Leather_01,True,True,0.880252,0.009028
"dinov2_vits14 + augmentation prototypes, N=30",42,my_dataset_test_filtered\Leather_161\1750650924442.jpg,Leather_161,contrast,mild,0,Leather_161,Leather_161|Leather_173|Leather_01,True,True,0.865466,0.003283
"dinov2_vits14 + augmentation prototypes, N=30",42,my_dataset_test_filtered\Leather_161\1750650924442.jpg,Leather_161,color_jitter,mild,0,Leather_161,Leather_161|Leather_173|Leather_01,True,True,0.911052,0.04059
"dinov2_vits14 + augmentation prototypes, N=30",42,my_dataset_test_filtered\Leather_161\1750650924442.jpg,Leather_161,gaussian_blur,mild,0,Leather_161,Leather_161|Leather_173|Leather_01,True,True,0.87214,0.003148
"dinov2_vits14 + augmentation prototypes, N=30",42,my_dataset_test_filtered\Leather_161\1750650924442.jpg,Leather_161,gaussian_noise,mild,0,Leather_173,Leather_173|Leather_165|Leather_01,False,False,0.85589,0.00448
"dinov2_vits14 + augmentation prototypes, N=30",42,my_dataset_test_filtered\Leather_161\1750650924442.jpg,Leather_161,jpeg_compression,mild,0,Leather_161,Leather_161|Leather_173|Leather_01,True,True,0.864182,0.003858
"dinov2_vits14 + augmentation prototypes, N=30",42,my_dataset_test_filtered\Leather_161\1750650924442.jpg,Leather_161,rotation,mild,0,Leather_173,Leather_173|Leather_161|Leather_03,False,True,0.891617,0.003131
"dinov2_vits14 + augmentation prototypes, N=30",42,my_dataset_test_filtered\Leather_161\1750650924442.jpg,Leather_161,crop_scale,mild,0,Leather_161,Leather_161|Leather_173|Leather_154,True,True,0.936632,0.035721
"dinov2_vits14 + augmentation prototypes, N=30",42,my_dataset_test_filtered\Leather_162\1750651003357.jpg,Leather_162,brightness,mild,0,Leather_162,Leather_162|Leather_168|Leather_14,True,True,0.932238,0.132731
"dinov2_vits14 + augmentation prototypes, N=30",42,my_dataset_test_filtered\Leather_162\1750651003357.jpg,Leather_162,contrast,mild,0,Leather_162,Leather_162|Leather_168|Leather_15,True,True,0.925393,0.134075
"dinov2_vits14 + augmentation prototypes, N=30",42,my_dataset_test_filtered\Leather_162\1750651003357.jpg,Leather_162,color_jitter,mild,0,Leather_162,Leather_162|Leather_168|Leather_15,True,True,0.901762,0.140587
"dinov2_vits14 + augmentation prototypes, N=30",42,my_dataset_test_filtered\Leather_162\1750651003357.jpg,Leather_162,gaussian_blur,mild,0,Leather_162,Leather_162|Leather_168|Leather_15,True,True,0.92325,0.142464
"dinov2_vits14 + augmentation prototypes, N=30",42,my_dataset_test_filtered\Leather_162\1750651003357.jpg,Leather_162,gaussian_noise,mild,0,Leather_162,Leather_162|Leather_168|Leather_15,True,True,0.896912,0.090423
"dinov2_vits14 + augmentation prototypes, N=30",42,my_dataset_test_filtered\Leather_162\1750651003357.jpg,Leather_162,jpeg_compression,mild,0,Leather_162,Leather_162|Leather_168|Leather_17,True,True,0.930584,0.130199
"dinov2_vits14 + augmentation prototypes, N=30",42,my_dataset_test_filtered\Leather_162\1750651003357.jpg,Leather_162,rotation,mild,0,Leather_162,Leather_162|Leather_168|Leather_15,True,True,0.896752,0.126979
"dinov2_vits14 + augmentation prototypes, N=30",42,my_dataset_test_filtered\Leather_162\1750651003357.jpg,Leather_162,crop_scale,mild,0,Leather_162,Leather_162|Leather_168|Leather_15,True,True,0.881589,0.103935
"dinov2_vits14 + augmentation prototypes, N=30",42,my_dataset_test_filtered\Leather_163\1750651063876.jpg,Leather_163,brightness,mild,0,Leather_08,Leather_08|Leather_163|Leather_183,False,True,0.680803,0.001079
"dinov2_vits14 + augmentation prototypes, N=30",42,my_dataset_test_filtered\Leather_163\1750651063876.jpg,Leather_163,contrast,mild,0,Leather_08,Leather_08|Leather_163|Leather_183,False,True,0.680101,0.001401
"dinov2_vits14 + augmentation prototypes, N=30",42,my_dataset_test_filtered\Leather_163\1750651063876.jpg,Leather_163,color_jitter,mild,0,Leather_163,Leather_163|Leather_08|Leather_183,True,True,0.719796,0.025482
"dinov2_vits14 + augmentation prototypes, N=30",42,my_dataset_test_filtered\Leather_163\1750651063876.jpg,Leather_163,gaussian_blur,mild,0,Leather_163,Leather_163|Leather_08|Leather_183,True,True,0.670655,0.006437
"dinov2_vits14 + augmentation prototypes, N=30",42,my_dataset_test_filtered\Leather_163\1750651063876.jpg,Leather_163,gaussian_noise,mild,0,Leather_08,Leather_08|Leather_163|Leather_183,False,True,0.714392,0.001421
"dinov2_vits14 + augmentation prototypes, N=30",42,my_dataset_test_filtered\Leather_163\1750651063876.jpg,Leather_163,jpeg_compression,mild,0,Leather_163,Leather_163|Leather_08|Leather_183,True,True,0.696904,0.007398
"dinov2_vits14 + augmentation prototypes, N=30",42,my_dataset_test_filtered\Leather_163\1750651063876.jpg,Leather_163,rotation,mild,0,Leather_163,Leather_163|Leather_08|Leather_18,True,True,0.52901,0.000113
"dinov2_vits14 + augmentation prototypes, N=30",42,my_dataset_test_filtered\Leather_163\1750651063876.jpg,Leather_163,crop_scale,mild,0,Leather_163,Leather_163|Leather_08|Leather_27,True,True,0.653328,0.013024
"dinov2_vits14 + augmentation prototypes, N=30",42,my_dataset_test_filtered\Leather_164\1750651143283.jpg,Leather_164,brightness,mild,0,Leather_19,Leather_19|Leather_09|Leather_161,False,False,0.43747,0.007484
"dinov2_vits14 + augmentation prototypes, N=30",42,my_dataset_test_filtered\Leather_164\1750651143283.jpg,Leather_164,contrast,mild,0,Leather_19,Leather_19|Leather_09|Leather_24,False,False,0.442321,0.002236
"dinov2_vits14 + augmentation prototypes, N=30",42,my_dataset_test_filtered\Leather_164\1750651143283.jpg,Leather_164,color_jitter,mild,0,Leather_19,Leather_19|Leather_09|Leather_24,False,False,0.458216,0.016929
"dinov2_vits14 + augmentation prototypes, N=30",42,my_dataset_test_filtered\Leather_164\1750651143283.jpg,Leather_164,gaussian_blur,mild,0,Leather_19,Leather_19|Leather_09|Leather_24,False,False,0.438084,0.004947
"dinov2_vits14 + augmentation prototypes, N=30",42,my_dataset_test_filtered\Leather_164\1750651143283.jpg,Leather_164,gaussian_noise,mild,0,Leather_19,Leather_19|Leather_09|Leather_24,False,False,0.451145,0.020265
"dinov2_vits14 + augmentation prototypes, N=30",42,my_dataset_test_filtered\Leather_164\1750651143283.jpg,Leather_164,jpeg_compression,mild,0,Leather_19,Leather_19|Leather_09|Leather_24,False,False,0.446411,0.009889
"dinov2_vits14 + augmentation prototypes, N=30",42,my_dataset_test_filtered\Leather_164\1750651143283.jpg,Leather_164,rotation,mild,0,Leather_24,Leather_24|Leather_09|Leather_19,False,False,0.43634,0.00225
"dinov2_vits14 + augmentation prototypes, N=30",42,my_dataset_test_filtered\Leather_164\1750651143283.jpg,Leather_164,crop_scale,mild,0,Leather_01,Leather_01|Leather_24|Leather_09,False,False,0.514372,0.000568
"dinov2_vits14 + augmentation prototypes, N=30",42,my_dataset_test_filtered\Leather_165\1750659409519.jpg,Leather_165,brightness,mild,0,Leather_165,Leather_165|Leather_24|Leather_164,True,True,0.739423,0.025009
"dinov2_vits14 + augmentation prototypes, N=30",42,my_dataset_test_filtered\Leather_165\1750659409519.jpg,Leather_165,contrast,mild,0,Leather_165,Leather_165|Leather_24|Leather_164,True,True,0.736081,0.017403
"dinov2_vits14 + augmentation prototypes, N=30",42,my_dataset_test_filtered\Leather_165\1750659409519.jpg,Leather_165,color_jitter,mild,0,Leather_165,Leather_165|Leather_24|Leather_161,True,True,0.737273,0.004926
"dinov2_vits14 + augmentation prototypes, N=30",42,my_dataset_test_filtered\Leather_165\1750659409519.jpg,Leather_165,gaussian_blur,mild,0,Leather_165,Leather_165|Leather_24|Leather_164,True,True,0.745462,0.024472
"dinov2_vits14 + augmentation prototypes, N=30",42,my_dataset_test_filtered\Leather_165\1750659409519.jpg,Leather_165,gaussian_noise,mild,0,Leather_165,Leather_165|Leather_24|Leather_164,True,True,0.753239,0.022052
"dinov2_vits14 + augmentation prototypes, N=30",42,my_dataset_test_filtered\Leather_165\1750659409519.jpg,Leather_165,jpeg_compression,mild,0,Leather_165,Leather_165|Leather_24|Leather_164,True,True,0.749996,0.017151
"dinov2_vits14 + augmentation prototypes, N=30",42,my_dataset_test_filtered\Leather_165\1750659409519.jpg,Leather_165,rotation,mild,0,Leather_165,Leather_165|Leather_26|Leather_24,True,True,0.655423,0.015764
"dinov2_vits14 + augmentation prototypes, N=30",42,my_dataset_test_filtered\Leather_165\1750659409519.jpg,Leather_165,crop_scale,mild,0,Leather_165,Leather_165|Leather_26|Leather_173,True,True,0.87255,0.018274
"dinov2_vits14 + augmentation prototypes, N=30",42,my_dataset_test_filtered\Leather_166\1750659306788.jpg,Leather_166,brightness,mild,0,Leather_166,Leather_166|Leather_164|Leather_02,True,True,0.944496,0.039729
"dinov2_vits14 + augmentation prototypes, N=30",42,my_dataset_test_filtered\Leather_166\1750659306788.jpg,Leather_166,contrast,mild,0,Leather_166,Leather_166|Leather_164|Leather_02,True,True,0.937076,0.045755
"dinov2_vits14 + augmentation prototypes, N=30",42,my_dataset_test_filtered\Leather_166\1750659306788.jpg,Leather_166,color_jitter,mild,0,Leather_166,Leather_166|Leather_164|Leather_02,True,True,0.946724,0.046473
"dinov2_vits14 + augmentation prototypes, N=30",42,my_dataset_test_filtered\Leather_166\1750659306788.jpg,Leather_166,gaussian_blur,mild,0,Leather_166,Leather_166|Leather_164|Leather_02,True,True,0.935671,0.04484
"dinov2_vits14 + augmentation prototypes, N=30",42,my_dataset_test_filtered\Leather_166\1750659306788.jpg,Leather_166,gaussian_noise,mild,0,Leather_166,Leather_166|Leather_173|Leather_164,True,True,0.882918,0.038896
"dinov2_vits14 + augmentation prototypes, N=30",42,my_dataset_test_filtered\Leather_166\1750659306788.jpg,Leather_166,jpeg_compression,mild,0,Leather_166,Leather_166|Leather_164|Leather_02,True,True,0.948525,0.038755
"dinov2_vits14 + augmentation prototypes, N=30",42,my_dataset_test_filtered\Leather_166\1750659306788.jpg,Leather_166,rotation,mild,0,Leather_164,Leather_164|Leather_161|Leather_166,False,True,0.84011,0.013563
"dinov2_vits14 + augmentation prototypes, N=30",42,my_dataset_test_filtered\Leather_166\1750659306788.jpg,Leather_166,crop_scale,mild,0,Leather_166,Leather_166|Leather_164|Leather_02,True,True,0.967689,0.059441
"dinov2_vits14 + augmentation prototypes, N=30",42,my_dataset_test_filtered\Leather_167\1750659478698.jpg,Leather_167,brightness,mild,0,Leather_167,Leather_167|Leather_08|Leather_10,True,True,0.959118,0.092402
"dinov2_vits14 + augmentation prototypes, N=30",42,my_dataset_test_filtered\Leather_167\1750659478698.jpg,Leather_167,contrast,mild,0,Leather_167,Leather_167|Leather_08|Leather_10,True,True,0.955543,0.081963
"dinov2_vits14 + augmentation prototypes, N=30",42,my_dataset_test_filtered\Leather_167\1750659478698.jpg,Leather_167,color_jitter,mild,0,Leather_167,Leather_167|Leather_08|Leather_10,True,True,0.957743,0.101211
"dinov2_vits14 + augmentation prototypes, N=30",42,my_dataset_test_filtered\Leather_167\1750659478698.jpg,Leather_167,gaussian_blur,mild,0,Leather_167,Leather_167|Leather_08|Leather_10,True,True,0.961891,0.1058
"dinov2_vits14 + augmentation prototypes, N=30",42,my_dataset_test_filtered\Leather_167\1750659478698.jpg,Leather_167,gaussian_noise,mild,0,Leather_167,Leather_167|Leather_08|Leather_10,True,True,0.960576,0.096029
"dinov2_vits14 + augmentation prototypes, N=30",42,my_dataset_test_filtered\Leather_167\1750659478698.jpg,Leather_167,jpeg_compression,mild,0,Leather_167,Leather_167|Leather_08|Leather_10,True,True,0.9247,0.071781
"dinov2_vits14 + augmentation prototypes, N=30",42,my_dataset_test_filtered\Leather_167\1750659478698.jpg,Leather_167,rotation,mild,0,Leather_167,Leather_167|Leather_08|Leather_159,True,True,0.961466,0.086187
"dinov2_vits14 + augmentation prototypes, N=30",42,my_dataset_test_filtered\Leather_167\1750659478698.jpg,Leather_167,crop_scale,mild,0,Leather_167,Leather_167|Leather_08|Leather_159,True,True,0.975874,0.086453
"dinov2_vits14 + augmentation prototypes, N=30",42,my_dataset_test_filtered\Leather_168\1750659573573.jpg,Leather_168,brightness,mild,0,Leather_168,Leather_168|Leather_25|Leather_162,True,True,0.664483,0.046951
"dinov2_vits14 + augmentation prototypes, N=30",42,my_dataset_test_filtered\Leather_168\1750659573573.jpg,Leather_168,contrast,mild,0,Leather_168,Leather_168|Leather_25|Leather_162,True,True,0.680233,0.049426
"dinov2_vits14 + augmentation prototypes, N=30",42,my_dataset_test_filtered\Leather_168\1750659573573.jpg,Leather_168,color_jitter,mild,0,Leather_168,Leather_168|Leather_162|Leather_25,True,True,0.680894,0.028062
"dinov2_vits14 + augmentation prototypes, N=30",42,my_dataset_test_filtered\Leather_168\1750659573573.jpg,Leather_168,gaussian_blur,mild,0,Leather_168,Leather_168|Leather_162|Leather_25,True,True,0.687431,0.044498
"dinov2_vits14 + augmentation prototypes, N=30",42,my_dataset_test_filtered\Leather_168\1750659573573.jpg,Leather_168,gaussian_noise,mild,0,Leather_25,Leather_25|Leather_168|Leather_162,False,True,0.664318,0.014808
"dinov2_vits14 + augmentation prototypes, N=30",42,my_dataset_test_filtered\Leather_168\1750659573573.jpg,Leather_168,jpeg_compression,mild,0,Leather_25,Leather_25|Leather_168|Leather_162,False,True,0.669735,0.002332
"dinov2_vits14 + augmentation prototypes, N=30",42,my_dataset_test_filtered\Leather_168\1750659573573.jpg,Leather_168,rotation,mild,0,Leather_168,Leather_168|Leather_162|Leather_25,True,True,0.728443,0.027564
"dinov2_vits14 + augmentation prototypes, N=30",42,my_dataset_test_filtered\Leather_168\1750659573573.jpg,Leather_168,crop_scale,mild,0,Leather_168,Leather_168|Leather_26|Leather_162,True,True,0.883942,0.134488
"dinov2_vits14 + augmentation prototypes, N=30",42,my_dataset_test_filtered\Leather_169\1750659659789.jpg,Leather_169,brightness,mild,0,Leather_169,Leather_169|Leather_167|Leather_25,True,True,0.555288,0.06156
"dinov2_vits14 + augmentation prototypes, N=30",42,my_dataset_test_filtered\Leather_169\1750659659789.jpg,Leather_169,contrast,mild,0,Leather_169,Leather_169|Leather_08|Leather_167,True,True,0.54725,0.050244
"dinov2_vits14 + augmentation prototypes, N=30",42,my_dataset_test_filtered\Leather_169\1750659659789.jpg,Leather_169,color_jitter,mild,0,Leather_169,Leather_169|Leather_08|Leather_25,True,True,0.533833,0.036894
"dinov2_vits14 + augmentation prototypes, N=30",42,my_dataset_test_filtered\Leather_169\1750659659789.jpg,Leather_169,gaussian_blur,mild,0,Leather_169,Leather_169|Leather_08|Leather_167,True,True,0.536779,0.05224
"dinov2_vits14 + augmentation prototypes, N=30",42,my_dataset_test_filtered\Leather_169\1750659659789.jpg,Leather_169,gaussian_noise,mild,0,Leather_169,Leather_169|Leather_25|Leather_08,True,True,0.548597,0.058309
"dinov2_vits14 + augmentation prototypes, N=30",42,my_dataset_test_filtered\Leather_169\1750659659789.jpg,Leather_169,jpeg_compression,mild,0,Leather_169,Leather_169|Leather_08|Leather_167,True,True,0.538981,0.032675
"dinov2_vits14 + augmentation prototypes, N=30",42,my_dataset_test_filtered\Leather_169\1750659659789.jpg,Leather_169,rotation,mild,0,Leather_169,Leather_169|Leather_08|Leather_167,True,True,0.596546,0.033365
"dinov2_vits14 + augmentation prototypes, N=30",42,my_dataset_test_filtered\Leather_169\1750659659789.jpg,Leather_169,crop_scale,mild,0,Leather_169,Leather_169|Leather_202|Leather_25,True,True,0.576805,0.048242
"dinov2_vits14 + augmentation prototypes, N=30",42,my_dataset_test_filtered\Leather_17\1750409341603.jpg,Leather_17,brightness,mild,0,Leather_17,Leather_17|Leather_189|Leather_184,True,True,0.95354,0.11098
"dinov2_vits14 + augmentation prototypes, N=30",42,my_dataset_test_filtered\Leather_17\1750409341603.jpg,Leather_17,contrast,mild,0,Leather_17,Leather_17|Leather_28|Leather_186,True,True,0.927955,0.12213
"dinov2_vits14 + augmentation prototypes, N=30",42,my_dataset_test_filtered\Leather_17\1750409341603.jpg,Leather_17,color_jitter,mild,0,Leather_17,Leather_17|Leather_152|Leather_186,True,True,0.94068,0.123533
"dinov2_vits14 + augmentation prototypes, N=30",42,my_dataset_test_filtered\Leather_17\1750409341603.jpg,Leather_17,gaussian_blur,mild,0,Leather_17,Leather_17|Leather_189|Leather_184,True,True,0.944715,0.124702
"dinov2_vits14 + augmentation prototypes, N=30",42,my_dataset_test_filtered\Leather_17\1750409341603.jpg,Leather_17,gaussian_noise,mild,0,Leather_17,Leather_17|Leather_28|Leather_186,True,True,0.911521,0.090765
"dinov2_vits14 + augmentation prototypes, N=30",42,my_dataset_test_filtered\Leather_17\1750409341603.jpg,Leather_17,jpeg_compression,mild,0,Leather_17,Leather_17|Leather_186|Leather_28,True,True,0.943619,0.126226
"dinov2_vits14 + augmentation prototypes, N=30",42,my_dataset_test_filtered\Leather_17\1750409341603.jpg,Leather_17,rotation,mild,0,Leather_17,Leather_17|Leather_28|Leather_186,True,True,0.905086,0.10659
"dinov2_vits14 + augmentation prototypes, N=30",42,my_dataset_test_filtered\Leather_17\1750409341603.jpg,Leather_17,crop_scale,mild,0,Leather_17,Leather_17|Leather_189|Leather_184,True,True,0.935942,0.152276
"dinov2_vits14 + augmentation prototypes, N=30",42,my_dataset_test_filtered\Leather_170\1750659728427.jpg,Leather_170,brightness,mild,0,Leather_170,Leather_170|Leather_188|Leather_10,True,True,0.820014,0.044275
"dinov2_vits14 + augmentation prototypes, N=30",42,my_dataset_test_filtered\Leather_170\1750659728427.jpg,Leather_170,contrast,mild,0,Leather_170,Leather_170|Leather_10|Leather_188,True,True,0.821883,0.048585
"dinov2_vits14 + augmentation prototypes, N=30",42,my_dataset_test_filtered\Leather_170\1750659728427.jpg,Leather_170,color_jitter,mild,0,Leather_170,Leather_170|Leather_188|Leather_10,True,True,0.825274,0.038888
"dinov2_vits14 + augmentation prototypes, N=30",42,my_dataset_test_filtered\Leather_170\1750659728427.jpg,Leather_170,gaussian_blur,mild,0,Leather_170,Leather_170|Leather_188|Leather_10,True,True,0.824242,0.039821
"dinov2_vits14 + augmentation prototypes, N=30",42,my_dataset_test_filtered\Leather_170\1750659728427.jpg,Leather_170,gaussian_noise,mild,0,Leather_170,Leather_170|Leather_10|Leather_188,True,True,0.807457,0.036153
"dinov2_vits14 + augmentation prototypes, N=30",42,my_dataset_test_filtered\Leather_170\1750659728427.jpg,Leather_170,jpeg_compression,mild,0,Leather_170,Leather_170|Leather_188|Leather_10,True,True,0.815717,0.037305
"dinov2_vits14 + augmentation prototypes, N=30",42,my_dataset_test_filtered\Leather_170\1750659728427.jpg,Leather_170,rotation,mild,0,Leather_170,Leather_170|Leather_10|Leather_175,True,True,0.844649,0.044054
"dinov2_vits14 + augmentation prototypes, N=30",42,my_dataset_test_filtered\Leather_170\1750659728427.jpg,Leather_170,crop_scale,mild,0,Leather_170,Leather_170|Leather_175|Leather_10,True,True,0.893454,0.065992
"dinov2_vits14 + augmentation prototypes, N=30",42,my_dataset_test_filtered\Leather_171\1750659800858.jpg,Leather_171,brightness,mild,0,Leather_171,Leather_171|Leather_172|Leather_09,True,True,0.705301,0.225087
"dinov2_vits14 + augmentation prototypes, N=30",42,my_dataset_test_filtered\Leather_171\1750659800858.jpg,Leather_171,contrast,mild,0,Leather_171,Leather_171|Leather_172|Leather_09,True,True,0.698637,0.208928
"dinov2_vits14 + augmentation prototypes, N=30",42,my_dataset_test_filtered\Leather_171\1750659800858.jpg,Leather_171,color_jitter,mild,0,Leather_171,Leather_171|Leather_172|Leather_09,True,True,0.705839,0.217938
"dinov2_vits14 + augmentation prototypes, N=30",42,my_dataset_test_filtered\Leather_171\1750659800858.jpg,Leather_171,gaussian_blur,mild,0,Leather_171,Leather_171|Leather_172|Leather_09,True,True,0.703621,0.217323
"dinov2_vits14 + augmentation prototypes, N=30",42,my_dataset_test_filtered\Leather_171\1750659800858.jpg,Leather_171,gaussian_noise,mild,0,Leather_171,Leather_171|Leather_172|Leather_09,True,True,0.717538,0.19917
"dinov2_vits14 + augmentation prototypes, N=30",42,my_dataset_test_filtered\Leather_171\1750659800858.jpg,Leather_171,jpeg_compression,mild,0,Leather_171,Leather_171|Leather_172|Leather_176,True,True,0.714923,0.220492
"dinov2_vits14 + augmentation prototypes, N=30",42,my_dataset_test_filtered\Leather_171\1750659800858.jpg,Leather_171,rotation,mild,0,Leather_171,Leather_171|Leather_105|Leather_64,True,True,0.80293,0.279565
"dinov2_vits14 + augmentation prototypes, N=30",42,my_dataset_test_filtered\Leather_171\1750659800858.jpg,Leather_171,crop_scale,mild,0,Leather_171,Leather_171|Leather_105|Leather_172,True,True,0.832254,0.334442
"dinov2_vits14 + augmentation prototypes, N=30",42,my_dataset_test_filtered\Leather_172\1750659872148.jpg,Leather_172,brightness,mild,0,Leather_172,Leather_172|Leather_09|Leather_19,True,True,0.743403,0.127
"dinov2_vits14 + augmentation prototypes, N=30",42,my_dataset_test_filtered\Leather_172\1750659872148.jpg,Leather_172,contrast,mild,0,Leather_172,Leather_172|Leather_09|Leather_19,True,True,0.73991,0.123312
"dinov2_vits14 + augmentation prototypes, N=30",42,my_dataset_test_filtered\Leather_172\1750659872148.jpg,Leather_172,color_jitter,mild,0,Leather_172,Leather_172|Leather_09|Leather_176,True,True,0.7478,0.137465
"dinov2_vits14 + augmentation prototypes, N=30",42,my_dataset_test_filtered\Leather_172\1750659872148.jpg,Leather_172,gaussian_blur,mild,0,Leather_172,Leather_172|Leather_09|Leather_19,True,True,0.744012,0.128161
"dinov2_vits14 + augmentation prototypes, N=30",42,my_dataset_test_filtered\Leather_172\1750659872148.jpg,Leather_172,gaussian_noise,mild,0,Leather_172,Leather_172|Leather_09|Leather_19,True,True,0.722436,0.112113
"dinov2_vits14 + augmentation prototypes, N=30",42,my_dataset_test_filtered\Leather_172\1750659872148.jpg,Leather_172,jpeg_compression,mild,0,Leather_172,Leather_172|Leather_09|Leather_19,True,True,0.748271,0.132813
"dinov2_vits14 + augmentation prototypes, N=30",42,my_dataset_test_filtered\Leather_172\1750659872148.jpg,Leather_172,rotation,mild,0,Leather_172,Leather_172|Leather_09|Leather_19,True,True,0.710349,0.131705
"dinov2_vits14 + augmentation prototypes, N=30",42,my_dataset_test_filtered\Leather_172\1750659872148.jpg,Leather_172,crop_scale,mild,0,Leather_172,Leather_172|Leather_09|Leather_19,True,True,0.788877,0.163825
"dinov2_vits14 + augmentation prototypes, N=30",42,my_dataset_test_filtered\Leather_173\1750659979993.jpg,Leather_173,brightness,mild,0,Leather_173,Leather_173|Leather_03|Leather_192,True,True,0.615626,0.042763
"dinov2_vits14 + augmentation prototypes, N=30",42,my_dataset_test_filtered\Leather_173\1750659979993.jpg,Leather_173,contrast,mild,0,Leather_173,Leather_173|Leather_03|Leather_192,True,True,0.606464,0.043671
"dinov2_vits14 + augmentation prototypes, N=30",42,my_dataset_test_filtered\Leather_173\1750659979993.jpg,Leather_173,color_jitter,mild,0,Leather_173,Leather_173|Leather_03|Leather_13,True,True,0.600232,0.039297
"dinov2_vits14 + augmentation prototypes, N=30",42,my_dataset_test_filtered\Leather_173\1750659979993.jpg,Leather_173,gaussian_blur,mild,0,Leather_173,Leather_173|Leather_03|Leather_192,True,True,0.617278,0.043891
"dinov2_vits14 + augmentation prototypes, N=30",42,my_dataset_test_filtered\Leather_173\1750659979993.jpg,Leather_173,gaussian_noise,mild,0,Leather_173,Leather_173|Leather_192|Leather_03,True,True,0.635213,0.05528
"dinov2_vits14 + augmentation prototypes, N=30",42,my_dataset_test_filtered\Leather_173\1750659979993.jpg,Leather_173,jpeg_compression,mild,0,Leather_173,Leather_173|Leather_13|Leather_192,True,True,0.611204,0.037477
"dinov2_vits14 + augmentation prototypes, N=30",42,my_dataset_test_filtered\Leather_173\1750659979993.jpg,Leather_173,rotation,mild,0,Leather_173,Leather_173|Leather_03|Leather_192,True,True,0.588822,0.054486
"dinov2_vits14 + augmentation prototypes, N=30",42,my_dataset_test_filtered\Leather_173\1750659979993.jpg,Leather_173,crop_scale,mild,0,Leather_173,Leather_173|Leather_192|Leather_161,True,True,0.574025,0.026309
"dinov2_vits14 + augmentation prototypes, N=30",42,my_dataset_test_filtered\Leather_174\1750660728450.jpg,Leather_174,brightness,mild,0,Leather_174,Leather_174|Leather_181|Leather_170,True,True,0.958191,0.127414
"dinov2_vits14 + augmentation prototypes, N=30",42,my_dataset_test_filtered\Leather_174\1750660728450.jpg,Leather_174,contrast,mild,0,Leather_174,Leather_174|Leather_181|Leather_170,True,True,0.955603,0.12807
"dinov2_vits14 + augmentation prototypes, N=30",42,my_dataset_test_filtered\Leather_174\1750660728450.jpg,Leather_174,color_jitter,mild,0,Leather_174,Leather_174|Leather_181|Leather_170,True,True,0.962219,0.135001
"dinov2_vits14 + augmentation prototypes, N=30",42,my_dataset_test_filtered\Leather_174\1750660728450.jpg,Leather_174,gaussian_blur,mild,0,Leather_174,Leather_174|Leather_181|Leather_170,True,True,0.958843,0.129312
"dinov2_vits14 + augmentation prototypes, N=30",42,my_dataset_test_filtered\Leather_174\1750660728450.jpg,Leather_174,gaussian_noise,mild,0,Leather_174,Leather_174|Leather_181|Leather_170,True,True,0.96022,0.132185
"dinov2_vits14 + augmentation prototypes, N=30",42,my_dataset_test_filtered\Leather_174\1750660728450.jpg,Leather_174,jpeg_compression,mild,0,Leather_174,Leather_174|Leather_181|Leather_170,True,True,0.961065,0.132385
"dinov2_vits14 + augmentation prototypes, N=30",42,my_dataset_test_filtered\Leather_174\1750660728450.jpg,Leather_174,rotation,mild,0,Leather_174,Leather_174|Leather_170|Leather_175,True,True,0.96837,0.133445
"dinov2_vits14 + augmentation prototypes, N=30",42,my_dataset_test_filtered\Leather_174\1750660728450.jpg,Leather_174,crop_scale,mild,0,Leather_174,Leather_174|Leather_181|Leather_184,True,True,0.983963,0.159269
"dinov2_vits14 + augmentation prototypes, N=30",42,my_dataset_test_filtered\Leather_175\1750660827906.jpg,Leather_175,brightness,mild,0,Leather_175,Leather_175|Leather_170|Leather_10,True,True,0.957924,0.019511
"dinov2_vits14 + augmentation prototypes, N=30",42,my_dataset_test_filtered\Leather_175\1750660827906.jpg,Leather_175,contrast,mild,0,Leather_175,Leather_175|Leather_170|Leather_10,True,True,0.958542,0.018834
"dinov2_vits14 + augmentation prototypes, N=30",42,my_dataset_test_filtered\Leather_175\1750660827906.jpg,Leather_175,color_jitter,mild,0,Leather_175,Leather_175|Leather_170|Leather_188,True,True,0.964825,0.024881
"dinov2_vits14 + augmentation prototypes, N=30",42,my_dataset_test_filtered\Leather_175\1750660827906.jpg,Leather_175,gaussian_blur,mild,0,Leather_175,Leather_175|Leather_170|Leather_188,True,True,0.96044,0.017908
"dinov2_vits14 + augmentation prototypes, N=30",42,my_dataset_test_filtered\Leather_175\1750660827906.jpg,Leather_175,gaussian_noise,mild,0,Leather_175,Leather_175|Leather_170|Leather_188,True,True,0.953445,0.02326
"dinov2_vits14 + augmentation prototypes, N=30",42,my_dataset_test_filtered\Leather_175\1750660827906.jpg,Leather_175,jpeg_compression,mild,0,Leather_175,Leather_175|Leather_170|Leather_10,True,True,0.96691,0.028365
"dinov2_vits14 + augmentation prototypes, N=30",42,my_dataset_test_filtered\Leather_175\1750660827906.jpg,Leather_175,rotation,mild,0,Leather_175,Leather_175|Leather_170|Leather_181,True,True,0.955833,0.012362
"dinov2_vits14 + augmentation prototypes, N=30",42,my_dataset_test_filtered\Leather_175\1750660827906.jpg,Leather_175,crop_scale,mild,0,Leather_175,Leather_175|Leather_170|Leather_10,True,True,0.961269,0.031276
"dinov2_vits14 + augmentation prototypes, N=30",42,my_dataset_test_filtered\Leather_176\1750660944224.jpg,Leather_176,brightness,mild,0,Leather_176,Leather_176|Leather_152|Leather_186,True,True,0.650986,0.126254
"dinov2_vits14 + augmentation prototypes, N=30",42,my_dataset_test_filtered\Leather_176\1750660944224.jpg,Leather_176,contrast,mild,0,Leather_176,Leather_176|Leather_152|Leather_186,True,True,0.643929,0.121776
"dinov2_vits14 + augmentation prototypes, N=30",42,my_dataset_test_filtered\Leather_176\1750660944224.jpg,Leather_176,color_jitter,mild,0,Leather_176,Leather_176|Leather_152|Leather_177,True,True,0.664642,0.093583
"dinov2_vits14 + augmentation prototypes, N=30",42,my_dataset_test_filtered\Leather_176\1750660944224.jpg,Leather_176,gaussian_blur,mild,0,Leather_176,Leather_176|Leather_152|Leather_186,True,True,0.656447,0.12281
"dinov2_vits14 + augmentation prototypes, N=30",42,my_dataset_test_filtered\Leather_176\1750660944224.jpg,Leather_176,gaussian_noise,mild,0,Leather_176,Leather_176|Leather_152|Leather_15,True,True,0.678871,0.127237
"dinov2_vits14 + augmentation prototypes, N=30",42,my_dataset_test_filtered\Leather_176\1750660944224.jpg,Leather_176,jpeg_compression,mild,0,Leather_176,Leather_176|Leather_152|Leather_186,True,True,0.654306,0.125172
"dinov2_vits14 + augmentation prototypes, N=30",42,my_dataset_test_filtered\Leather_176\1750660944224.jpg,Leather_176,rotation,mild,0,Leather_176,Leather_176|Leather_152|Leather_177,True,True,0.603419,0.108687
"dinov2_vits14 + augmentation prototypes, N=30",42,my_dataset_test_filtered\Leather_176\1750660944224.jpg,Leather_176,crop_scale,mild,0,Leather_176,Leather_176|Leather_28|Leather_186,True,True,0.8474,0.196476
"dinov2_vits14 + augmentation prototypes, N=30",42,my_dataset_test_filtered\Leather_177\1750661060161.jpg,Leather_177,brightness,mild,0,Leather_177,Leather_177|Leather_189|Leather_184,True,True,0.744116,0.031753
"dinov2_vits14 + augmentation prototypes, N=30",42,my_dataset_test_filtered\Leather_177\1750661060161.jpg,Leather_177,contrast,mild,0,Leather_177,Leather_177|Leather_189|Leather_184,True,True,0.739843,0.028823
"dinov2_vits14 + augmentation prototypes, N=30",42,my_dataset_test_filtered\Leather_177\1750661060161.jpg,Leather_177,color_jitter,mild,0,Leather_177,Leather_177|Leather_189|Leather_188,True,True,0.736132,0.030853
"dinov2_vits14 + augmentation prototypes, N=30",42,my_dataset_test_filtered\Leather_177\1750661060161.jpg,Leather_177,gaussian_blur,mild,0,Leather_177,Leather_177|Leather_189|Leather_184,True,True,0.738624,0.032547
"dinov2_vits14 + augmentation prototypes, N=30",42,my_dataset_test_filtered\Leather_177\1750661060161.jpg,Leather_177,gaussian_noise,mild,0,Leather_177,Leather_177|Leather_189|Leather_184,True,True,0.74408,0.033771
"dinov2_vits14 + augmentation prototypes, N=30",42,my_dataset_test_filtered\Leather_177\1750661060161.jpg,Leather_177,jpeg_compression,mild,0,Leather_177,Leather_177|Leather_189|Leather_184,True,True,0.743215,0.041065
"dinov2_vits14 + augmentation prototypes, N=30",42,my_dataset_test_filtered\Leather_177\1750661060161.jpg,Leather_177,rotation,mild,0,Leather_177,Leather_177|Leather_189|Leather_184,True,True,0.727768,0.029639
"dinov2_vits14 + augmentation prototypes, N=30",42,my_dataset_test_filtered\Leather_177\1750661060161.jpg,Leather_177,crop_scale,mild,0,Leather_177,Leather_177|Leather_184|Leather_189,True,True,0.971969,0.096111
"dinov2_vits14 + augmentation prototypes, N=30",42,my_dataset_test_filtered\Leather_178\1750661159844.jpg,Leather_178,brightness,mild,0,Leather_178,Leather_178|Leather_69|Leather_177,True,True,0.946853,0.288295
"dinov2_vits14 + augmentation prototypes, N=30",42,my_dataset_test_filtered\Leather_178\1750661159844.jpg,Leather_178,contrast,mild,0,Leather_178,Leather_178|Leather_69|Leather_177,True,True,0.943417,0.280035
"dinov2_vits14 + augmentation prototypes, N=30",42,my_dataset_test_filtered\Leather_178\1750661159844.jpg,Leather_178,color_jitter,mild,0,Leather_178,Leather_178|Leather_69|Leather_177,True,True,0.960631,0.293831
"dinov2_vits14 + augmentation prototypes, N=30",42,my_dataset_test_filtered\Leather_178\1750661159844.jpg,Leather_178,gaussian_blur,mild,0,Leather_178,Leather_178|Leather_69|Leather_177,True,True,0.957249,0.296263
"dinov2_vits14 + augmentation prototypes, N=30",42,my_dataset_test_filtered\Leather_178\1750661159844.jpg,Leather_178,gaussian_noise,mild,0,Leather_178,Leather_178|Leather_69|Leather_177,True,True,0.952661,0.288812
"dinov2_vits14 + augmentation prototypes, N=30",42,my_dataset_test_filtered\Leather_178\1750661159844.jpg,Leather_178,jpeg_compression,mild,0,Leather_178,Leather_178|Leather_69|Leather_177,True,True,0.951886,0.291752
"dinov2_vits14 + augmentation prototypes, N=30",42,my_dataset_test_filtered\Leather_178\1750661159844.jpg,Leather_178,rotation,mild,0,Leather_178,Leather_178|Leather_69|Leather_177,True,True,0.914187,0.280595
"dinov2_vits14 + augmentation prototypes, N=30",42,my_dataset_test_filtered\Leather_178\1750661159844.jpg,Leather_178,crop_scale,mild,0,Leather_178,Leather_178|Leather_69|Leather_148,True,True,0.955784,0.263897
"dinov2_vits14 + augmentation prototypes, N=30",42,my_dataset_test_filtered\Leather_179\1750661242878.jpg,Leather_179,brightness,mild,0,Leather_179,Leather_179|Leather_08|Leather_183,True,True,0.806704,0.061944
"dinov2_vits14 + augmentation prototypes, N=30",42,my_dataset_test_filtered\Leather_179\1750661242878.jpg,Leather_179,contrast,mild,0,Leather_179,Leather_179|Leather_08|Leather_183,True,True,0.805018,0.052761
"dinov2_vits14 + augmentation prototypes, N=30",42,my_dataset_test_filtered\Leather_179\1750661242878.jpg,Leather_179,color_jitter,mild,0,Leather_179,Leather_179|Leather_08|Leather_183,True,True,0.803279,0.044495
"dinov2_vits14 + augmentation prototypes, N=30",42,my_dataset_test_filtered\Leather_179\1750661242878.jpg,Leather_179,gaussian_blur,mild,0,Leather_179,Leather_179|Leather_08|Leather_183,True,True,0.808911,0.06603
"dinov2_vits14 + augmentation prototypes, N=30",42,my_dataset_test_filtered\Leather_179\1750661242878.jpg,Leather_179,gaussian_noise,mild,0,Leather_179,Leather_179|Leather_08|Leather_167,True,True,0.766111,0.005977
"dinov2_vits14 + augmentation prototypes, N=30",42,my_dataset_test_filtered\Leather_179\1750661242878.jpg,Leather_179,jpeg_compression,mild,0,Leather_179,Leather_179|Leather_08|Leather_183,True,True,0.80692,0.067668
"dinov2_vits14 + augmentation prototypes, N=30",42,my_dataset_test_filtered\Leather_179\1750661242878.jpg,Leather_179,rotation,mild,0,Leather_179,Leather_179|Leather_08|Leather_27,True,True,0.775462,0.01176
"dinov2_vits14 + augmentation prototypes, N=30",42,my_dataset_test_filtered\Leather_179\1750661242878.jpg,Leather_179,crop_scale,mild,0,Leather_08,Leather_08|Leather_179|Leather_167,False,True,0.803104,0.031028
"dinov2_vits14 + augmentation prototypes, N=30",42,my_dataset_test_filtered\Leather_18\1750409468348.jpg,Leather_18,brightness,mild,0,Leather_18,Leather_18|Leather_179|Leather_183,True,True,0.896638,0.046231
"dinov2_vits14 + augmentation prototypes, N=30",42,my_dataset_test_filtered\Leather_18\1750409468348.jpg,Leather_18,contrast,mild,0,Leather_18,Leather_18|Leather_179|Leather_163,True,True,0.900905,0.055838
"dinov2_vits14 + augmentation prototypes, N=30",42,my_dataset_test_filtered\Leather_18\1750409468348.jpg,Leather_18,color_jitter,mild,0,Leather_18,Leather_18|Leather_179|Leather_163,True,True,0.875871,0.035093
"dinov2_vits14 + augmentation prototypes, N=30",42,my_dataset_test_filtered\Leather_18\1750409468348.jpg,Leather_18,gaussian_blur,mild,0,Leather_18,Leather_18|Leather_179|Leather_163,True,True,0.887418,0.034721
"dinov2_vits14 + augmentation prototypes, N=30",42,my_dataset_test_filtered\Leather_18\1750409468348.jpg,Leather_18,gaussian_noise,mild,0,Leather_18,Leather_18|Leather_25|Leather_179,True,True,0.837696,0.012267
"dinov2_vits14 + augmentation prototypes, N=30",42,my_dataset_test_filtered\Leather_18\1750409468348.jpg,Leather_18,jpeg_compression,mild,0,Leather_18,Leather_18|Leather_179|Leather_163,True,True,0.886588,0.020748
"dinov2_vits14 + augmentation prototypes, N=30",42,my_dataset_test_filtered\Leather_18\1750409468348.jpg,Leather_18,rotation,mild,0,Leather_18,Leather_18|Leather_08|Leather_163,True,True,0.851575,0.015226
"dinov2_vits14 + augmentation prototypes, N=30",42,my_dataset_test_filtered\Leather_18\1750409468348.jpg,Leather_18,crop_scale,mild,0,Leather_18,Leather_18|Leather_179|Leather_163,True,True,0.892509,0.076834
"dinov2_vits14 + augmentation prototypes, N=30",42,my_dataset_test_filtered\Leather_181\1750661486082.jpg,Leather_181,brightness,mild,0,Leather_181,Leather_181|Leather_170|Leather_184,True,True,0.953865,0.0987
"dinov2_vits14 + augmentation prototypes, N=30",42,my_dataset_test_filtered\Leather_181\1750661486082.jpg,Leather_181,contrast,mild,0,Leather_181,Leather_181|Leather_170|Leather_184,True,True,0.953828,0.111444
"dinov2_vits14 + augmentation prototypes, N=30",42,my_dataset_test_filtered\Leather_181\1750661486082.jpg,Leather_181,color_jitter,mild,0,Leather_181,Leather_181|Leather_170|Leather_184,True,True,0.960891,0.11186
"dinov2_vits14 + augmentation prototypes, N=30",42,my_dataset_test_filtered\Leather_181\1750661486082.jpg,Leather_181,gaussian_blur,mild,0,Leather_181,Leather_181|Leather_170|Leather_184,True,True,0.956019,0.107681
"dinov2_vits14 + augmentation prototypes, N=30",42,my_dataset_test_filtered\Leather_181\1750661486082.jpg,Leather_181,gaussian_noise,mild,0,Leather_181,Leather_181|Leather_170|Leather_184,True,True,0.938071,0.086524
"dinov2_vits14 + augmentation prototypes, N=30",42,my_dataset_test_filtered\Leather_181\1750661486082.jpg,Leather_181,jpeg_compression,mild,0,Leather_181,Leather_181|Leather_170|Leather_188,True,True,0.946689,0.097103
"dinov2_vits14 + augmentation prototypes, N=30",42,my_dataset_test_filtered\Leather_181\1750661486082.jpg,Leather_181,rotation,mild,0,Leather_181,Leather_181|Leather_170|Leather_175,True,True,0.940912,0.079865
"dinov2_vits14 + augmentation prototypes, N=30",42,my_dataset_test_filtered\Leather_181\1750661486082.jpg,Leather_181,crop_scale,mild,0,Leather_181,Leather_181|Leather_170|Leather_175,True,True,0.969886,0.102672
"dinov2_vits14 + augmentation prototypes, N=30",42,my_dataset_test_filtered\Leather_182\1750662101172.jpg,Leather_182,brightness,mild,0,Leather_182,Leather_182|Leather_25|Leather_179,True,True,0.631611,0.014447
"dinov2_vits14 + augmentation prototypes, N=30",42,my_dataset_test_filtered\Leather_182\1750662101172.jpg,Leather_182,contrast,mild,0,Leather_182,Leather_182|Leather_25|Leather_179,True,True,0.617832,0.006194
"dinov2_vits14 + augmentation prototypes, N=30",42,my_dataset_test_filtered\Leather_182\1750662101172.jpg,Leather_182,color_jitter,mild,0,Leather_182,Leather_182|Leather_25|Leather_202,True,True,0.694431,0.091556
"dinov2_vits14 + augmentation prototypes, N=30",42,my_dataset_test_filtered\Leather_182\1750662101172.jpg,Leather_182,gaussian_blur,mild,0,Leather_182,Leather_182|Leather_25|Leather_202,True,True,0.695615,0.080705
"dinov2_vits14 + augmentation prototypes, N=30",42,my_dataset_test_filtered\Leather_182\1750662101172.jpg,Leather_182,gaussian_noise,mild,0,Leather_182,Leather_182|Leather_202|Leather_179,True,True,0.711002,0.118484
"dinov2_vits14 + augmentation prototypes, N=30",42,my_dataset_test_filtered\Leather_182\1750662101172.jpg,Leather_182,jpeg_compression,mild,0,Leather_182,Leather_182|Leather_25|Leather_183,True,True,0.724492,0.144046
"dinov2_vits14 + augmentation prototypes, N=30",42,my_dataset_test_filtered\Leather_182\1750662101172.jpg,Leather_182,rotation,mild,0,Leather_182,Leather_182|Leather_25|Leather_18,True,True,0.682048,0.023764
"dinov2_vits14 + augmentation prototypes, N=30",42,my_dataset_test_filtered\Leather_182\1750662101172.jpg,Leather_182,crop_scale,mild,0,Leather_182,Leather_182|Leather_18|Leather_179,True,True,0.8257,0.164487
"dinov2_vits14 + augmentation prototypes, N=30",42,my_dataset_test_filtered\Leather_183\1750662415812.jpg,Leather_183,brightness,mild,0,Leather_183,Leather_183|Leather_08|Leather_167,True,True,0.834145,0.022047
"dinov2_vits14 + augmentation prototypes, N=30",42,my_dataset_test_filtered\Leather_183\1750662415812.jpg,Leather_183,contrast,mild,0,Leather_183,Leather_183|Leather_08|Leather_167,True,True,0.834884,0.024396
"dinov2_vits14 + augmentation prototypes, N=30",42,my_dataset_test_filtered\Leather_183\1750662415812.jpg,Leather_183,color_jitter,mild,0,Leather_183,Leather_183|Leather_167|Leather_08,True,True,0.843874,0.048761
"dinov2_vits14 + augmentation prototypes, N=30",42,my_dataset_test_filtered\Leather_183\1750662415812.jpg,Leather_183,gaussian_blur,mild,0,Leather_183,Leather_183|Leather_167|Leather_08,True,True,0.831635,0.037715
"dinov2_vits14 + augmentation prototypes, N=30",42,my_dataset_test_filtered\Leather_183\1750662415812.jpg,Leather_183,gaussian_noise,mild,0,Leather_183,Leather_183|Leather_167|Leather_08,True,True,0.837825,0.058057
"dinov2_vits14 + augmentation prototypes, N=30",42,my_dataset_test_filtered\Leather_183\1750662415812.jpg,Leather_183,jpeg_compression,mild,0,Leather_183,Leather_183|Leather_167|Leather_08,True,True,0.842343,0.053007
"dinov2_vits14 + augmentation prototypes, N=30",42,my_dataset_test_filtered\Leather_183\1750662415812.jpg,Leather_183,rotation,mild,0,Leather_183,Leather_183|Leather_08|Leather_167,True,True,0.855533,0.010318
"dinov2_vits14 + augmentation prototypes, N=30",42,my_dataset_test_filtered\Leather_183\1750662415812.jpg,Leather_183,crop_scale,mild,0,Leather_183,Leather_183|Leather_159|Leather_08,True,True,0.922172,0.082463
"dinov2_vits14 + augmentation prototypes, N=30",42,my_dataset_test_filtered\Leather_184\1750662571409.jpg,Leather_184,brightness,mild,0,Leather_184,Leather_184|Leather_189|Leather_152,True,True,0.975854,0.050206
"dinov2_vits14 + augmentation prototypes, N=30",42,my_dataset_test_filtered\Leather_184\1750662571409.jpg,Leather_184,contrast,mild,0,Leather_184,Leather_184|Leather_189|Leather_152,True,True,0.975101,0.052816
"dinov2_vits14 + augmentation prototypes, N=30",42,my_dataset_test_filtered\Leather_184\1750662571409.jpg,Leather_184,color_jitter,mild,0,Leather_184,Leather_184|Leather_189|Leather_152,True,True,0.981663,0.065058
"dinov2_vits14 + augmentation prototypes, N=30",42,my_dataset_test_filtered\Leather_184\1750662571409.jpg,Leather_184,gaussian_blur,mild,0,Leather_184,Leather_184|Leather_189|Leather_152,True,True,0.978195,0.057956
"dinov2_vits14 + augmentation prototypes, N=30",42,my_dataset_test_filtered\Leather_184\1750662571409.jpg,Leather_184,gaussian_noise,mild,0,Leather_184,Leather_184|Leather_189|Leather_152,True,True,0.976532,0.052544
"dinov2_vits14 + augmentation prototypes, N=30",42,my_dataset_test_filtered\Leather_184\1750662571409.jpg,Leather_184,jpeg_compression,mild,0,Leather_184,Leather_184|Leather_189|Leather_152,True,True,0.978243,0.057317
"dinov2_vits14 + augmentation prototypes, N=30",42,my_dataset_test_filtered\Leather_184\1750662571409.jpg,Leather_184,rotation,mild,0,Leather_184,Leather_184|Leather_189|Leather_17,True,True,0.974875,0.069027
"dinov2_vits14 + augmentation prototypes, N=30",42,my_dataset_test_filtered\Leather_184\1750662571409.jpg,Leather_184,crop_scale,mild,0,Leather_184,Leather_184|Leather_189|Leather_152,True,True,0.984383,0.068582
"dinov2_vits14 + augmentation prototypes, N=30",42,my_dataset_test_filtered\Leather_185\1750662660000.jpg,Leather_185,brightness,mild,0,Leather_185,Leather_185|Leather_183|Leather_18,True,True,0.585452,0.04124
"dinov2_vits14 + augmentation prototypes, N=30",42,my_dataset_test_filtered\Leather_185\1750662660000.jpg,Leather_185,contrast,mild,0,Leather_185,Leather_185|Leather_183|Leather_18,True,True,0.578432,0.0292
"dinov2_vits14 + augmentation prototypes, N=30",42,my_dataset_test_filtered\Leather_185\1750662660000.jpg,Leather_185,color_jitter,mild,0,Leather_185,Leather_185|Leather_183|Leather_179,True,True,0.614633,0.047794
"dinov2_vits14 + augmentation prototypes, N=30",42,my_dataset_test_filtered\Leather_185\1750662660000.jpg,Leather_185,gaussian_blur,mild,0,Leather_185,Leather_185|Leather_183|Leather_179,True,True,0.614862,0.056511
"dinov2_vits14 + augmentation prototypes, N=30",42,my_dataset_test_filtered\Leather_185\1750662660000.jpg,Leather_185,gaussian_noise,mild,0,Leather_185,Leather_185|Leather_183|Leather_179,True,True,0.617395,0.030763
"dinov2_vits14 + augmentation prototypes, N=30",42,my_dataset_test_filtered\Leather_185\1750662660000.jpg,Leather_185,jpeg_compression,mild,0,Leather_185,Leather_185|Leather_183|Leather_179,True,True,0.574763,0.001014
"dinov2_vits14 + augmentation prototypes, N=30",42,my_dataset_test_filtered\Leather_185\1750662660000.jpg,Leather_185,rotation,mild,0,Leather_185,Leather_185|Leather_124|Leather_179,True,True,0.630407,0.143052
"dinov2_vits14 + augmentation prototypes, N=30",42,my_dataset_test_filtered\Leather_185\1750662660000.jpg,Leather_185,crop_scale,mild,0,Leather_185,Leather_185|Leather_124|Leather_179,True,True,0.910496,0.233342
"dinov2_vits14 + augmentation prototypes, N=30",42,my_dataset_test_filtered\Leather_186\1750662752578.jpg,Leather_186,brightness,mild,0,Leather_186,Leather_186|Leather_152|Leather_28,True,True,0.727749,0.051212
"dinov2_vits14 + augmentation prototypes, N=30",42,my_dataset_test_filtered\Leather_186\1750662752578.jpg,Leather_186,contrast,mild,0,Leather_186,Leather_186|Leather_152|Leather_28,True,True,0.721097,0.057831
"dinov2_vits14 + augmentation prototypes, N=30",42,my_dataset_test_filtered\Leather_186\1750662752578.jpg,Leather_186,color_jitter,mild,0,Leather_186,Leather_186|Leather_28|Leather_152,True,True,0.731396,0.04702
"dinov2_vits14 + augmentation prototypes, N=30",42,my_dataset_test_filtered\Leather_186\1750662752578.jpg,Leather_186,gaussian_blur,mild,0,Leather_186,Leather_186|Leather_152|Leather_28,True,True,0.729935,0.05676
"dinov2_vits14 + augmentation prototypes, N=30",42,my_dataset_test_filtered\Leather_186\1750662752578.jpg,Leather_186,gaussian_noise,mild,0,Leather_186,Leather_186|Leather_19|Leather_28,True,True,0.73696,0.045467
"dinov2_vits14 + augmentation prototypes, N=30",42,my_dataset_test_filtered\Leather_186\1750662752578.jpg,Leather_186,jpeg_compression,mild,0,Leather_186,Leather_186|Leather_28|Leather_152,True,True,0.712853,0.045588
"dinov2_vits14 + augmentation prototypes, N=30",42,my_dataset_test_filtered\Leather_186\1750662752578.jpg,Leather_186,rotation,mild,0,Leather_186,Leather_186|Leather_152|Leather_19,True,True,0.671256,0.04489
"dinov2_vits14 + augmentation prototypes, N=30",42,my_dataset_test_filtered\Leather_186\1750662752578.jpg,Leather_186,crop_scale,mild,0,Leather_186,Leather_186|Leather_152|Leather_189,True,True,0.670546,0.02066
"dinov2_vits14 + augmentation prototypes, N=30",42,my_dataset_test_filtered\Leather_187\1750663815128.jpg,Leather_187,brightness,mild,0,Leather_187,Leather_187|Leather_188|Leather_152,True,True,0.949257,0.221147
"dinov2_vits14 + augmentation prototypes, N=30",42,my_dataset_test_filtered\Leather_187\1750663815128.jpg,Leather_187,contrast,mild,0,Leather_187,Leather_187|Leather_17|Leather_152,True,True,0.940804,0.221948
"dinov2_vits14 + augmentation prototypes, N=30",42,my_dataset_test_filtered\Leather_187\1750663815128.jpg,Leather_187,color_jitter,mild,0,Leather_187,Leather_187|Leather_152|Leather_181,True,True,0.952962,0.253283
"dinov2_vits14 + augmentation prototypes, N=30",42,my_dataset_test_filtered\Leather_187\1750663815128.jpg,Leather_187,gaussian_blur,mild,0,Leather_187,Leather_187|Leather_152|Leather_17,True,True,0.956291,0.249407
"dinov2_vits14 + augmentation prototypes, N=30",42,my_dataset_test_filtered\Leather_187\1750663815128.jpg,Leather_187,gaussian_noise,mild,0,Leather_187,Leather_187|Leather_152|Leather_188,True,True,0.95672,0.19894
"dinov2_vits14 + augmentation prototypes, N=30",42,my_dataset_test_filtered\Leather_187\1750663815128.jpg,Leather_187,jpeg_compression,mild,0,Leather_187,Leather_187|Leather_152|Leather_188,True,True,0.95923,0.23397
"dinov2_vits14 + augmentation prototypes, N=30",42,my_dataset_test_filtered\Leather_187\1750663815128.jpg,Leather_187,rotation,mild,0,Leather_187,Leather_187|Leather_17|Leather_152,True,True,0.864814,0.160936
"dinov2_vits14 + augmentation prototypes, N=30",42,my_dataset_test_filtered\Leather_187\1750663815128.jpg,Leather_187,crop_scale,mild,0,Leather_187,Leather_187|Leather_181|Leather_152,True,True,0.916869,0.185743
"dinov2_vits14 + augmentation prototypes, N=30",42,my_dataset_test_filtered\Leather_188\1750663926595.jpg,Leather_188,brightness,mild,0,Leather_188,Leather_188|Leather_152|Leather_189,True,True,0.947365,0.088301
"dinov2_vits14 + augmentation prototypes, N=30",42,my_dataset_test_filtered\Leather_188\1750663926595.jpg,Leather_188,contrast,mild,0,Leather_188,Leather_188|Leather_152|Leather_189,True,True,0.950979,0.076081
"dinov2_vits14 + augmentation prototypes, N=30",42,my_dataset_test_filtered\Leather_188\1750663926595.jpg,Leather_188,color_jitter,mild,0,Leather_188,Leather_188|Leather_152|Leather_189,True,True,0.957599,0.072268
"dinov2_vits14 + augmentation prototypes, N=30",42,my_dataset_test_filtered\Leather_188\1750663926595.jpg,Leather_188,gaussian_blur,mild,0,Leather_188,Leather_188|Leather_152|Leather_189,True,True,0.949329,0.077656
"dinov2_vits14 + augmentation prototypes, N=30",42,my_dataset_test_filtered\Leather_188\1750663926595.jpg,Leather_188,gaussian_noise,mild,0,Leather_188,Leather_188|Leather_152|Leather_189,True,True,0.94028,0.067991
"dinov2_vits14 + augmentation prototypes, N=30",42,my_dataset_test_filtered\Leather_188\1750663926595.jpg,Leather_188,jpeg_compression,mild,0,Leather_188,Leather_188|Leather_152|Leather_189,True,True,0.957048,0.074935
"dinov2_vits14 + augmentation prototypes, N=30",42,my_dataset_test_filtered\Leather_188\1750663926595.jpg,Leather_188,rotation,mild,0,Leather_188,Leather_188|Leather_152|Leather_189,True,True,0.910526,0.050181
"dinov2_vits14 + augmentation prototypes, N=30",42,my_dataset_test_filtered\Leather_188\1750663926595.jpg,Leather_188,crop_scale,mild,0,Leather_188,Leather_188|Leather_152|Leather_184,True,True,0.980023,0.076876
"dinov2_vits14 + augmentation prototypes, N=30",42,my_dataset_test_filtered\Leather_189\1750664130885.jpg,Leather_189,brightness,mild,0,Leather_189,Leather_189|Leather_184|Leather_17,True,True,0.965429,0.0755
"dinov2_vits14 + augmentation prototypes, N=30",42,my_dataset_test_filtered\Leather_189\1750664130885.jpg,Leather_189,contrast,mild,0,Leather_189,Leather_189|Leather_184|Leather_17,True,True,0.964595,0.07201
"dinov2_vits14 + augmentation prototypes, N=30",42,my_dataset_test_filtered\Leather_189\1750664130885.jpg,Leather_189,color_jitter,mild,0,Leather_189,Leather_189|Leather_184|Leather_17,True,True,0.975467,0.057636
"dinov2_vits14 + augmentation prototypes, N=30",42,my_dataset_test_filtered\Leather_189\1750664130885.jpg,Leather_189,gaussian_blur,mild,0,Leather_189,Leather_189|Leather_184|Leather_17,True,True,0.962655,0.066949
"dinov2_vits14 + augmentation prototypes, N=30",42,my_dataset_test_filtered\Leather_189\1750664130885.jpg,Leather_189,gaussian_noise,mild,0,Leather_189,Leather_189|Leather_184|Leather_17,True,True,0.953152,0.064639
"dinov2_vits14 + augmentation prototypes, N=30",42,my_dataset_test_filtered\Leather_189\1750664130885.jpg,Leather_189,jpeg_compression,mild,0,Leather_189,Leather_189|Leather_184|Leather_17,True,True,0.970306,0.058853
"dinov2_vits14 + augmentation prototypes, N=30",42,my_dataset_test_filtered\Leather_189\1750664130885.jpg,Leather_189,rotation,mild,0,Leather_189,Leather_189|Leather_184|Leather_17,True,True,0.828002,0.052378
"dinov2_vits14 + augmentation prototypes, N=30",42,my_dataset_test_filtered\Leather_189\1750664130885.jpg,Leather_189,crop_scale,mild,0,Leather_189,Leather_189|Leather_184|Leather_17,True,True,0.971595,0.053685
"dinov2_vits14 + augmentation prototypes, N=30",42,my_dataset_test_filtered\Leather_19\1750409938648.jpg,Leather_19,brightness,mild,0,Leather_19,Leather_19|Leather_167|Leather_152,True,True,0.450108,0.026084
"dinov2_vits14 + augmentation prototypes, N=30",42,my_dataset_test_filtered\Leather_19\1750409938648.jpg,Leather_19,contrast,mild,0,Leather_19,Leather_19|Leather_167|Leather_152,True,True,0.448805,0.026948
"dinov2_vits14 + augmentation prototypes, N=30",42,my_dataset_test_filtered\Leather_19\1750409938648.jpg,Leather_19,color_jitter,mild,0,Leather_19,Leather_19|Leather_167|Leather_152,True,True,0.454388,0.037804
"dinov2_vits14 + augmentation prototypes, N=30",42,my_dataset_test_filtered\Leather_19\1750409938648.jpg,Leather_19,gaussian_blur,mild,0,Leather_19,Leather_19|Leather_167|Leather_152,True,True,0.449867,0.044307
"dinov2_vits14 + augmentation prototypes, N=30",42,my_dataset_test_filtered\Leather_19\1750409938648.jpg,Leather_19,gaussian_noise,mild,0,Leather_19,Leather_19|Leather_167|Leather_152,True,True,0.40265,0.026627
"dinov2_vits14 + augmentation prototypes, N=30",42,my_dataset_test_filtered\Leather_19\1750409938648.jpg,Leather_19,jpeg_compression,mild,0,Leather_19,Leather_19|Leather_167|Leather_152,True,True,0.446462,0.033586
"dinov2_vits14 + augmentation prototypes, N=30",42,my_dataset_test_filtered\Leather_19\1750409938648.jpg,Leather_19,rotation,mild,0,Leather_19,Leather_19|Leather_167|Leather_152,True,True,0.407688,0.024337
"dinov2_vits14 + augmentation prototypes, N=30",42,my_dataset_test_filtered\Leather_19\1750409938648.jpg,Leather_19,crop_scale,mild,0,Leather_19,Leather_19|Leather_09|Leather_152,True,True,0.642054,0.100333
"dinov2_vits14 + augmentation prototypes, N=30",42,my_dataset_test_filtered\Leather_190\1750664331525.jpg,Leather_190,brightness,mild,0,Leather_190,Leather_190|Leather_174|Leather_175,True,True,0.955789,0.233582
"dinov2_vits14 + augmentation prototypes, N=30",42,my_dataset_test_filtered\Leather_190\1750664331525.jpg,Leather_190,contrast,mild,0,Leather_190,Leather_190|Leather_174|Leather_175,True,True,0.959212,0.222557
"dinov2_vits14 + augmentation prototypes, N=30",42,my_dataset_test_filtered\Leather_190\1750664331525.jpg,Leather_190,color_jitter,mild,0,Leather_190,Leather_190|Leather_174|Leather_175,True,True,0.955447,0.24553
"dinov2_vits14 + augmentation prototypes, N=30",42,my_dataset_test_filtered\Leather_190\1750664331525.jpg,Leather_190,gaussian_blur,mild,0,Leather_190,Leather_190|Leather_174|Leather_175,True,True,0.954763,0.241036
"dinov2_vits14 + augmentation prototypes, N=30",42,my_dataset_test_filtered\Leather_190\1750664331525.jpg,Leather_190,gaussian_noise,mild,0,Leather_190,Leather_190|Leather_174|Leather_175,True,True,0.957924,0.235287
"dinov2_vits14 + augmentation prototypes, N=30",42,my_dataset_test_filtered\Leather_190\1750664331525.jpg,Leather_190,jpeg_compression,mild,0,Leather_190,Leather_190|Leather_174|Leather_175,True,True,0.954857,0.234943
"dinov2_vits14 + augmentation prototypes, N=30",42,my_dataset_test_filtered\Leather_190\1750664331525.jpg,Leather_190,rotation,mild,0,Leather_190,Leather_190|Leather_174|Leather_175,True,True,0.972283,0.22256
"dinov2_vits14 + augmentation prototypes, N=30",42,my_dataset_test_filtered\Leather_190\1750664331525.jpg,Leather_190,crop_scale,mild,0,Leather_190,Leather_190|Leather_174|Leather_175,True,True,0.980706,0.229059
"dinov2_vits14 + augmentation prototypes, N=30",42,my_dataset_test_filtered\Leather_191\1750664466727.jpg,Leather_191,brightness,mild,0,Leather_191,Leather_191|Leather_178|Leather_198,True,True,0.897803,0.356436
"dinov2_vits14 + augmentation prototypes, N=30",42,my_dataset_test_filtered\Leather_191\1750664466727.jpg,Leather_191,contrast,mild,0,Leather_191,Leather_191|Leather_178|Leather_198,True,True,0.895486,0.353313
"dinov2_vits14 + augmentation prototypes, N=30",42,my_dataset_test_filtered\Leather_191\1750664466727.jpg,Leather_191,color_jitter,mild,0,Leather_191,Leather_191|Leather_178|Leather_198,True,True,0.899154,0.358666
"dinov2_vits14 + augmentation prototypes, N=30",42,my_dataset_test_filtered\Leather_191\1750664466727.jpg,Leather_191,gaussian_blur,mild,0,Leather_191,Leather_191|Leather_178|Leather_198,True,True,0.895437,0.359167
"dinov2_vits14 + augmentation prototypes, N=30",42,my_dataset_test_filtered\Leather_191\1750664466727.jpg,Leather_191,gaussian_noise,mild,0,Leather_191,Leather_191|Leather_178|Leather_198,True,True,0.891635,0.347756
"dinov2_vits14 + augmentation prototypes, N=30",42,my_dataset_test_filtered\Leather_191\1750664466727.jpg,Leather_191,jpeg_compression,mild,0,Leather_191,Leather_191|Leather_178|Leather_198,True,True,0.897741,0.362479
"dinov2_vits14 + augmentation prototypes, N=30",42,my_dataset_test_filtered\Leather_191\1750664466727.jpg,Leather_191,rotation,mild,0,Leather_191,Leather_191|Leather_178|Leather_198,True,True,0.881045,0.364488
"dinov2_vits14 + augmentation prototypes, N=30",42,my_dataset_test_filtered\Leather_191\1750664466727.jpg,Leather_191,crop_scale,mild,0,Leather_191,Leather_191|Leather_178|Leather_160,True,True,0.969647,0.431654
"dinov2_vits14 + augmentation prototypes, N=30",42,my_dataset_test_filtered\Leather_192\1750664610693.jpg,Leather_192,brightness,mild,0,Leather_192,Leather_192|Leather_180|Leather_14,True,True,0.843325,0.10191
"dinov2_vits14 + augmentation prototypes, N=30",42,my_dataset_test_filtered\Leather_192\1750664610693.jpg,Leather_192,contrast,mild,0,Leather_192,Leather_192|Leather_180|Leather_14,True,True,0.836986,0.101447
"dinov2_vits14 + augmentation prototypes, N=30",42,my_dataset_test_filtered\Leather_192\1750664610693.jpg,Leather_192,color_jitter,mild,0,Leather_192,Leather_192|Leather_180|Leather_14,True,True,0.830999,0.095942
"dinov2_vits14 + augmentation prototypes, N=30",42,my_dataset_test_filtered\Leather_192\1750664610693.jpg,Leather_192,gaussian_blur,mild,0,Leather_192,Leather_192|Leather_180|Leather_14,True,True,0.83319,0.106782
"dinov2_vits14 + augmentation prototypes, N=30",42,my_dataset_test_filtered\Leather_192\1750664610693.jpg,Leather_192,gaussian_noise,mild,0,Leather_192,Leather_192|Leather_180|Leather_14,True,True,0.806829,0.106856
"dinov2_vits14 + augmentation prototypes, N=30",42,my_dataset_test_filtered\Leather_192\1750664610693.jpg,Leather_192,jpeg_compression,mild,0,Leather_192,Leather_192|Leather_180|Leather_14,True,True,0.829666,0.095094
"dinov2_vits14 + augmentation prototypes, N=30",42,my_dataset_test_filtered\Leather_192\1750664610693.jpg,Leather_192,rotation,mild,0,Leather_192,Leather_192|Leather_14|Leather_180,True,True,0.769695,0.092036
"dinov2_vits14 + augmentation prototypes, N=30",42,my_dataset_test_filtered\Leather_192\1750664610693.jpg,Leather_192,crop_scale,mild,0,Leather_192,Leather_192|Leather_14|Leather_180,True,True,0.925078,0.092085
"dinov2_vits14 + augmentation prototypes, N=30",42,my_dataset_test_filtered\Leather_193\1750664722422.jpg,Leather_193,brightness,mild,0,Leather_193,Leather_193|Leather_27|Leather_159,True,True,0.838205,0.036572
"dinov2_vits14 + augmentation prototypes, N=30",42,my_dataset_test_filtered\Leather_193\1750664722422.jpg,Leather_193,contrast,mild,0,Leather_193,Leather_193|Leather_27|Leather_159,True,True,0.841743,0.036036
"dinov2_vits14 + augmentation prototypes, N=30",42,my_dataset_test_filtered\Leather_193\1750664722422.jpg,Leather_193,color_jitter,mild,0,Leather_193,Leather_193|Leather_27|Leather_159,True,True,0.838649,0.046134
"dinov2_vits14 + augmentation prototypes, N=30",42,my_dataset_test_filtered\Leather_193\1750664722422.jpg,Leather_193,gaussian_blur,mild,0,Leather_193,Leather_193|Leather_27|Leather_159,True,True,0.835983,0.040922
"dinov2_vits14 + augmentation prototypes, N=30",42,my_dataset_test_filtered\Leather_193\1750664722422.jpg,Leather_193,gaussian_noise,mild,0,Leather_193,Leather_193|Leather_27|Leather_159,True,True,0.838306,0.046852
"dinov2_vits14 + augmentation prototypes, N=30",42,my_dataset_test_filtered\Leather_193\1750664722422.jpg,Leather_193,jpeg_compression,mild,0,Leather_193,Leather_193|Leather_27|Leather_159,True,True,0.837036,0.041462
"dinov2_vits14 + augmentation prototypes, N=30",42,my_dataset_test_filtered\Leather_193\1750664722422.jpg,Leather_193,rotation,mild,0,Leather_193,Leather_193|Leather_27|Leather_159,True,True,0.804994,0.065379
"dinov2_vits14 + augmentation prototypes, N=30",42,my_dataset_test_filtered\Leather_193\1750664722422.jpg,Leather_193,crop_scale,mild,0,Leather_193,Leather_193|Leather_159|Leather_27,True,True,0.864063,0.025993
"dinov2_vits14 + augmentation prototypes, N=30",42,my_dataset_test_filtered\Leather_194\1750664834503.jpg,Leather_194,brightness,mild,0,Leather_194,Leather_194|Leather_192|Leather_14,True,True,0.838056,0.082679
"dinov2_vits14 + augmentation prototypes, N=30",42,my_dataset_test_filtered\Leather_194\1750664834503.jpg,Leather_194,contrast,mild,0,Leather_194,Leather_194|Leather_192|Leather_14,True,True,0.842793,0.085167
"dinov2_vits14 + augmentation prototypes, N=30",42,my_dataset_test_filtered\Leather_194\1750664834503.jpg,Leather_194,color_jitter,mild,0,Leather_194,Leather_194|Leather_192|Leather_14,True,True,0.83502,0.075712
"dinov2_vits14 + augmentation prototypes, N=30",42,my_dataset_test_filtered\Leather_194\1750664834503.jpg,Leather_194,gaussian_blur,mild,0,Leather_194,Leather_194|Leather_192|Leather_14,True,True,0.831586,0.075327
"dinov2_vits14 + augmentation prototypes, N=30",42,my_dataset_test_filtered\Leather_194\1750664834503.jpg,Leather_194,gaussian_noise,mild,0,Leather_194,Leather_194|Leather_192|Leather_14,True,True,0.830546,0.062791
"dinov2_vits14 + augmentation prototypes, N=30",42,my_dataset_test_filtered\Leather_194\1750664834503.jpg,Leather_194,jpeg_compression,mild,0,Leather_194,Leather_194|Leather_192|Leather_14,True,True,0.853261,0.083955
"dinov2_vits14 + augmentation prototypes, N=30",42,my_dataset_test_filtered\Leather_194\1750664834503.jpg,Leather_194,rotation,mild,0,Leather_194,Leather_194|Leather_192|Leather_13,True,True,0.786916,0.084682
"dinov2_vits14 + augmentation prototypes, N=30",42,my_dataset_test_filtered\Leather_194\1750664834503.jpg,Leather_194,crop_scale,mild,0,Leather_194,Leather_194|Leather_180|Leather_192,True,True,0.946256,0.120329
"dinov2_vits14 + augmentation prototypes, N=30",42,my_dataset_test_filtered\Leather_195\1750664932917.jpg,Leather_195,brightness,mild,0,Leather_195,Leather_195|Leather_201|Leather_158,True,True,0.576888,0.104122
"dinov2_vits14 + augmentation prototypes, N=30",42,my_dataset_test_filtered\Leather_195\1750664932917.jpg,Leather_195,contrast,mild,0,Leather_195,Leather_195|Leather_201|Leather_158,True,True,0.581457,0.112043
"dinov2_vits14 + augmentation prototypes, N=30",42,my_dataset_test_filtered\Leather_195\1750664932917.jpg,Leather_195,color_jitter,mild,0,Leather_195,Leather_195|Leather_201|Leather_158,True,True,0.577364,0.10893
"dinov2_vits14 + augmentation prototypes, N=30",42,my_dataset_test_filtered\Leather_195\1750664932917.jpg,Leather_195,gaussian_blur,mild,0,Leather_195,Leather_195|Leather_201|Leather_158,True,True,0.585793,0.101427
"dinov2_vits14 + augmentation prototypes, N=30",42,my_dataset_test_filtered\Leather_195\1750664932917.jpg,Leather_195,gaussian_noise,mild,0,Leather_195,Leather_195|Leather_201|Leather_158,True,True,0.586477,0.093437
"dinov2_vits14 + augmentation prototypes, N=30",42,my_dataset_test_filtered\Leather_195\1750664932917.jpg,Leather_195,jpeg_compression,mild,0,Leather_195,Leather_195|Leather_201|Leather_158,True,True,0.561627,0.091709
"dinov2_vits14 + augmentation prototypes, N=30",42,my_dataset_test_filtered\Leather_195\1750664932917.jpg,Leather_195,rotation,mild,0,Leather_195,Leather_195|Leather_201|Leather_158,True,True,0.444021,0.049365
"dinov2_vits14 + augmentation prototypes, N=30",42,my_dataset_test_filtered\Leather_195\1750664932917.jpg,Leather_195,crop_scale,mild,0,Leather_195,Leather_195|Leather_201|Leather_198,True,True,0.486671,0.075853
"dinov2_vits14 + augmentation prototypes, N=30",42,my_dataset_test_filtered\Leather_196\1750665019021.jpg,Leather_196,brightness,mild,0,Leather_196,Leather_196|Leather_199|Leather_195,True,True,0.745297,0.154498
"dinov2_vits14 + augmentation prototypes, N=30",42,my_dataset_test_filtered\Leather_196\1750665019021.jpg,Leather_196,contrast,mild,0,Leather_196,Leather_196|Leather_199|Leather_195,True,True,0.745484,0.15372
"dinov2_vits14 + augmentation prototypes, N=30",42,my_dataset_test_filtered\Leather_196\1750665019021.jpg,Leather_196,color_jitter,mild,0,Leather_196,Leather_196|Leather_199|Leather_195,True,True,0.750887,0.161899
"dinov2_vits14 + augmentation prototypes, N=30",42,my_dataset_test_filtered\Leather_196\1750665019021.jpg,Leather_196,gaussian_blur,mild,0,Leather_196,Leather_196|Leather_199|Leather_195,True,True,0.745543,0.158121
"dinov2_vits14 + augmentation prototypes, N=30",42,my_dataset_test_filtered\Leather_196\1750665019021.jpg,Leather_196,gaussian_noise,mild,0,Leather_196,Leather_196|Leather_199|Leather_195,True,True,0.756137,0.155465
"dinov2_vits14 + augmentation prototypes, N=30",42,my_dataset_test_filtered\Leather_196\1750665019021.jpg,Leather_196,jpeg_compression,mild,0,Leather_196,Leather_196|Leather_199|Leather_195,True,True,0.741972,0.154535
"dinov2_vits14 + augmentation prototypes, N=30",42,my_dataset_test_filtered\Leather_196\1750665019021.jpg,Leather_196,rotation,mild,0,Leather_196,Leather_196|Leather_199|Leather_195,True,True,0.695041,0.140769
"dinov2_vits14 + augmentation prototypes, N=30",42,my_dataset_test_filtered\Leather_196\1750665019021.jpg,Leather_196,crop_scale,mild,0,Leather_196,Leather_196|Leather_199|Leather_195,True,True,0.962768,0.256152
"dinov2_vits14 + augmentation prototypes, N=30",42,my_dataset_test_filtered\Leather_197\1750665774705.jpg,Leather_197,brightness,mild,0,Leather_197,Leather_197|Leather_05|Leather_193,True,True,0.961712,0.240662
"dinov2_vits14 + augmentation prototypes, N=30",42,my_dataset_test_filtered\Leather_197\1750665774705.jpg,Leather_197,contrast,mild,0,Leather_197,Leather_197|Leather_05|Leather_193,True,True,0.962497,0.242708
"dinov2_vits14 + augmentation prototypes, N=30",42,my_dataset_test_filtered\Leather_197\1750665774705.jpg,Leather_197,color_jitter,mild,0,Leather_197,Leather_197|Leather_05|Leather_193,True,True,0.966388,0.256656
"dinov2_vits14 + augmentation prototypes, N=30",42,my_dataset_test_filtered\Leather_197\1750665774705.jpg,Leather_197,gaussian_blur,mild,0,Leather_197,Leather_197|Leather_05|Leather_193,True,True,0.9632,0.249789
"dinov2_vits14 + augmentation prototypes, N=30",42,my_dataset_test_filtered\Leather_197\1750665774705.jpg,Leather_197,gaussian_noise,mild,0,Leather_197,Leather_197|Leather_05|Leather_159,True,True,0.950332,0.224632
"dinov2_vits14 + augmentation prototypes, N=30",42,my_dataset_test_filtered\Leather_197\1750665774705.jpg,Leather_197,jpeg_compression,mild,0,Leather_197,Leather_197|Leather_05|Leather_193,True,True,0.957316,0.234064
"dinov2_vits14 + augmentation prototypes, N=30",42,my_dataset_test_filtered\Leather_197\1750665774705.jpg,Leather_197,rotation,mild,0,Leather_197,Leather_197|Leather_193|Leather_05,True,True,0.965157,0.230961
"dinov2_vits14 + augmentation prototypes, N=30",42,my_dataset_test_filtered\Leather_197\1750665774705.jpg,Leather_197,crop_scale,mild,0,Leather_197,Leather_197|Leather_193|Leather_05,True,True,0.965586,0.244594
"dinov2_vits14 + augmentation prototypes, N=30",42,my_dataset_test_filtered\Leather_198\1750665866788.jpg,Leather_198,brightness,mild,0,Leather_198,Leather_198|Leather_201|Leather_195,True,True,0.949733,0.229187
"dinov2_vits14 + augmentation prototypes, N=30",42,my_dataset_test_filtered\Leather_198\1750665866788.jpg,Leather_198,contrast,mild,0,Leather_198,Leather_198|Leather_201|Leather_195,True,True,0.948202,0.224849
"dinov2_vits14 + augmentation prototypes, N=30",42,my_dataset_test_filtered\Leather_198\1750665866788.jpg,Leather_198,color_jitter,mild,0,Leather_198,Leather_198|Leather_201|Leather_195,True,True,0.959495,0.241912
"dinov2_vits14 + augmentation prototypes, N=30",42,my_dataset_test_filtered\Leather_198\1750665866788.jpg,Leather_198,gaussian_blur,mild,0,Leather_198,Leather_198|Leather_201|Leather_195,True,True,0.957394,0.230741
"dinov2_vits14 + augmentation prototypes, N=30",42,my_dataset_test_filtered\Leather_198\1750665866788.jpg,Leather_198,gaussian_noise,mild,0,Leather_198,Leather_198|Leather_201|Leather_195,True,True,0.960285,0.208243
"dinov2_vits14 + augmentation prototypes, N=30",42,my_dataset_test_filtered\Leather_198\1750665866788.jpg,Leather_198,jpeg_compression,mild,0,Leather_198,Leather_198|Leather_201|Leather_195,True,True,0.960358,0.234184
"dinov2_vits14 + augmentation prototypes, N=30",42,my_dataset_test_filtered\Leather_198\1750665866788.jpg,Leather_198,rotation,mild,0,Leather_198,Leather_198|Leather_201|Leather_162,True,True,0.897559,0.186367
"dinov2_vits14 + augmentation prototypes, N=30",42,my_dataset_test_filtered\Leather_198\1750665866788.jpg,Leather_198,crop_scale,mild,0,Leather_198,Leather_198|Leather_201|Leather_195,True,True,0.957552,0.212031
"dinov2_vits14 + augmentation prototypes, N=30",42,my_dataset_test_filtered\Leather_199\1750665947796.jpg,Leather_199,brightness,mild,0,Leather_199,Leather_199|Leather_195|Leather_13,True,True,0.966841,0.227278
"dinov2_vits14 + augmentation prototypes, N=30",42,my_dataset_test_filtered\Leather_199\1750665947796.jpg,Leather_199,contrast,mild,0,Leather_199,Leather_199|Leather_195|Leather_13,True,True,0.964772,0.237927
"dinov2_vits14 + augmentation prototypes, N=30",42,my_dataset_test_filtered\Leather_199\1750665947796.jpg,Leather_199,color_jitter,mild,0,Leather_199,Leather_199|Leather_195|Leather_13,True,True,0.970208,0.234585
"dinov2_vits14 + augmentation prototypes, N=30",42,my_dataset_test_filtered\Leather_199\1750665947796.jpg,Leather_199,gaussian_blur,mild,0,Leather_199,Leather_199|Leather_195|Leather_13,True,True,0.973965,0.223901
"dinov2_vits14 + augmentation prototypes, N=30",42,my_dataset_test_filtered\Leather_199\1750665947796.jpg,Leather_199,gaussian_noise,mild,0,Leather_199,Leather_199|Leather_13|Leather_195,True,True,0.968534,0.238246
"dinov2_vits14 + augmentation prototypes, N=30",42,my_dataset_test_filtered\Leather_199\1750665947796.jpg,Leather_199,jpeg_compression,mild,0,Leather_199,Leather_199|Leather_195|Leather_13,True,True,0.974495,0.227099
"dinov2_vits14 + augmentation prototypes, N=30",42,my_dataset_test_filtered\Leather_199\1750665947796.jpg,Leather_199,rotation,mild,0,Leather_199,Leather_199|Leather_195|Leather_158,True,True,0.798446,0.147508
"dinov2_vits14 + augmentation prototypes, N=30",42,my_dataset_test_filtered\Leather_199\1750665947796.jpg,Leather_199,crop_scale,mild,0,Leather_199,Leather_199|Leather_195|Leather_196,True,True,0.959745,0.217721
"dinov2_vits14 + augmentation prototypes, N=30",42,my_dataset_test_filtered\Leather_20\1750470677619.jpg,Leather_20,brightness,mild,0,Leather_20,Leather_20|Leather_140|Leather_37,True,True,0.904552,0.10327
"dinov2_vits14 + augmentation prototypes, N=30",42,my_dataset_test_filtered\Leather_20\1750470677619.jpg,Leather_20,contrast,mild,0,Leather_20,Leather_20|Leather_140|Leather_37,True,True,0.899377,0.088108
"dinov2_vits14 + augmentation prototypes, N=30",42,my_dataset_test_filtered\Leather_20\1750470677619.jpg,Leather_20,color_jitter,mild,0,Leather_20,Leather_20|Leather_140|Leather_37,True,True,0.910894,0.103296
"dinov2_vits14 + augmentation prototypes, N=30",42,my_dataset_test_filtered\Leather_20\1750470677619.jpg,Leather_20,gaussian_blur,mild,0,Leather_20,Leather_20|Leather_140|Leather_37,True,True,0.909181,0.101883
"dinov2_vits14 + augmentation prototypes, N=30",42,my_dataset_test_filtered\Leather_20\1750470677619.jpg,Leather_20,gaussian_noise,mild,0,Leather_20,Leather_20|Leather_140|Leather_37,True,True,0.908193,0.104782
"dinov2_vits14 + augmentation prototypes, N=30",42,my_dataset_test_filtered\Leather_20\1750470677619.jpg,Leather_20,jpeg_compression,mild,0,Leather_20,Leather_20|Leather_140|Leather_37,True,True,0.90728,0.102644
"dinov2_vits14 + augmentation prototypes, N=30",42,my_dataset_test_filtered\Leather_20\1750470677619.jpg,Leather_20,rotation,mild,0,Leather_20,Leather_20|Leather_140|Leather_37,True,True,0.887601,0.097624
"dinov2_vits14 + augmentation prototypes, N=30",42,my_dataset_test_filtered\Leather_20\1750470677619.jpg,Leather_20,crop_scale,mild,0,Leather_20,Leather_20|Leather_140|Leather_37,True,True,0.942063,0.120362
"dinov2_vits14 + augmentation prototypes, N=30",42,my_dataset_test_filtered\Leather_200\1750666016867.jpg,Leather_200,brightness,mild,0,Leather_200,Leather_200|Leather_173|Leather_02,True,True,0.949025,0.072745
"dinov2_vits14 + augmentation prototypes, N=30",42,my_dataset_test_filtered\Leather_200\1750666016867.jpg,Leather_200,contrast,mild,0,Leather_200,Leather_200|Leather_173|Leather_02,True,True,0.933719,0.069386
"dinov2_vits14 + augmentation prototypes, N=30",42,my_dataset_test_filtered\Leather_200\1750666016867.jpg,Leather_200,color_jitter,mild,0,Leather_200,Leather_200|Leather_173|Leather_161,True,True,0.9484,0.072216
"dinov2_vits14 + augmentation prototypes, N=30",42,my_dataset_test_filtered\Leather_200\1750666016867.jpg,Leather_200,gaussian_blur,mild,0,Leather_200,Leather_200|Leather_173|Leather_02,True,True,0.944442,0.077192
"dinov2_vits14 + augmentation prototypes, N=30",42,my_dataset_test_filtered\Leather_200\1750666016867.jpg,Leather_200,gaussian_noise,mild,0,Leather_200,Leather_200|Leather_173|Leather_02,True,True,0.913336,0.027514
"dinov2_vits14 + augmentation prototypes, N=30",42,my_dataset_test_filtered\Leather_200\1750666016867.jpg,Leather_200,jpeg_compression,mild,0,Leather_200,Leather_200|Leather_173|Leather_02,True,True,0.930992,0.061563
"dinov2_vits14 + augmentation prototypes, N=30",42,my_dataset_test_filtered\Leather_200\1750666016867.jpg,Leather_200,rotation,mild,0,Leather_200,Leather_200|Leather_173|Leather_02,True,True,0.916666,0.089677
"dinov2_vits14 + augmentation prototypes, N=30",42,my_dataset_test_filtered\Leather_200\1750666016867.jpg,Leather_200,crop_scale,mild,0,Leather_200,Leather_200|Leather_173|Leather_161,True,True,0.933974,0.072171
"dinov2_vits14 + augmentation prototypes, N=30",42,my_dataset_test_filtered\Leather_201\1750666106599.jpg,Leather_201,brightness,mild,0,Leather_201,Leather_201|Leather_198|Leather_195,True,True,0.760423,0.159564
"dinov2_vits14 + augmentation prototypes, N=30",42,my_dataset_test_filtered\Leather_201\1750666106599.jpg,Leather_201,contrast,mild,0,Leather_201,Leather_201|Leather_195|Leather_198,True,True,0.786816,0.166101
"dinov2_vits14 + augmentation prototypes, N=30",42,my_dataset_test_filtered\Leather_201\1750666106599.jpg,Leather_201,color_jitter,mild,0,Leather_201,Leather_201|Leather_195|Leather_198,True,True,0.779666,0.144764
"dinov2_vits14 + augmentation prototypes, N=30",42,my_dataset_test_filtered\Leather_201\1750666106599.jpg,Leather_201,gaussian_blur,mild,0,Leather_201,Leather_201|Leather_198|Leather_195,True,True,0.780427,0.174678
"dinov2_vits14 + augmentation prototypes, N=30",42,my_dataset_test_filtered\Leather_201\1750666106599.jpg,Leather_201,gaussian_noise,mild,0,Leather_201,Leather_201|Leather_195|Leather_198,True,True,0.761633,0.152228
"dinov2_vits14 + augmentation prototypes, N=30",42,my_dataset_test_filtered\Leather_201\1750666106599.jpg,Leather_201,jpeg_compression,mild,0,Leather_201,Leather_201|Leather_198|Leather_195,True,True,0.779788,0.169454
"dinov2_vits14 + augmentation prototypes, N=30",42,my_dataset_test_filtered\Leather_201\1750666106599.jpg,Leather_201,rotation,mild,0,Leather_201,Leather_201|Leather_198|Leather_158,True,True,0.627787,0.150543
"dinov2_vits14 + augmentation prototypes, N=30",42,my_dataset_test_filtered\Leather_201\1750666106599.jpg,Leather_201,crop_scale,mild,0,Leather_201,Leather_201|Leather_195|Leather_198,True,True,0.866329,0.18785
"dinov2_vits14 + augmentation prototypes, N=30",42,my_dataset_test_filtered\Leather_202\1750661667157.jpg,Leather_202,brightness,mild,0,Leather_202,Leather_202|Leather_169|Leather_25,True,True,0.930018,0.109031
"dinov2_vits14 + augmentation prototypes, N=30",42,my_dataset_test_filtered\Leather_202\1750661667157.jpg,Leather_202,contrast,mild,0,Leather_202,Leather_202|Leather_25|Leather_169,True,True,0.935265,0.108632
"dinov2_vits14 + augmentation prototypes, N=30",42,my_dataset_test_filtered\Leather_202\1750661667157.jpg,Leather_202,color_jitter,mild,0,Leather_202,Leather_202|Leather_169|Leather_25,True,True,0.937016,0.117612
"dinov2_vits14 + augmentation prototypes, N=30",42,my_dataset_test_filtered\Leather_202\1750661667157.jpg,Leather_202,gaussian_blur,mild,0,Leather_202,Leather_202|Leather_169|Leather_25,True,True,0.932686,0.113044
"dinov2_vits14 + augmentation prototypes, N=30",42,my_dataset_test_filtered\Leather_202\1750661667157.jpg,Leather_202,gaussian_noise,mild,0,Leather_202,Leather_202|Leather_169|Leather_25,True,True,0.906006,0.093361
"dinov2_vits14 + augmentation prototypes, N=30",42,my_dataset_test_filtered\Leather_202\1750661667157.jpg,Leather_202,jpeg_compression,mild,0,Leather_202,Leather_202|Leather_169|Leather_25,True,True,0.93178,0.121429
"dinov2_vits14 + augmentation prototypes, N=30",42,my_dataset_test_filtered\Leather_202\1750661667157.jpg,Leather_202,rotation,mild,0,Leather_202,Leather_202|Leather_169|Leather_25,True,True,0.902706,0.111741
"dinov2_vits14 + augmentation prototypes, N=30",42,my_dataset_test_filtered\Leather_202\1750661667157.jpg,Leather_202,crop_scale,mild,0,Leather_202,Leather_202|Leather_169|Leather_18,True,True,0.95321,0.12999
"dinov2_vits14 + augmentation prototypes, N=30",42,my_dataset_test_filtered\Leather_203\1750474770355.jpg,Leather_203,brightness,mild,0,Leather_203,Leather_203|Leather_23|Leather_120,True,True,0.493943,0.091475
"dinov2_vits14 + augmentation prototypes, N=30",42,my_dataset_test_filtered\Leather_203\1750474770355.jpg,Leather_203,contrast,mild,0,Leather_203,Leather_203|Leather_120|Leather_23,True,True,0.486827,0.081264
"dinov2_vits14 + augmentation prototypes, N=30",42,my_dataset_test_filtered\Leather_203\1750474770355.jpg,Leather_203,color_jitter,mild,0,Leather_203,Leather_203|Leather_120|Leather_23,True,True,0.488629,0.083075
"dinov2_vits14 + augmentation prototypes, N=30",42,my_dataset_test_filtered\Leather_203\1750474770355.jpg,Leather_203,gaussian_blur,mild,0,Leather_203,Leather_203|Leather_23|Leather_120,True,True,0.492126,0.084425
"dinov2_vits14 + augmentation prototypes, N=30",42,my_dataset_test_filtered\Leather_203\1750474770355.jpg,Leather_203,gaussian_noise,mild,0,Leather_203,Leather_203|Leather_120|Leather_23,True,True,0.492007,0.086747
"dinov2_vits14 + augmentation prototypes, N=30",42,my_dataset_test_filtered\Leather_203\1750474770355.jpg,Leather_203,jpeg_compression,mild,0,Leather_203,Leather_203|Leather_23|Leather_120,True,True,0.48563,0.086919
"dinov2_vits14 + augmentation prototypes, N=30",42,my_dataset_test_filtered\Leather_203\1750474770355.jpg,Leather_203,rotation,mild,0,Leather_203,Leather_203|Leather_120|Leather_117,True,True,0.491367,0.09141
"dinov2_vits14 + augmentation prototypes, N=30",42,my_dataset_test_filtered\Leather_203\1750474770355.jpg,Leather_203,crop_scale,mild,0,Leather_203,Leather_203|Leather_120|Leather_85,True,True,0.490491,0.098969
"dinov2_vits14 + augmentation prototypes, N=30",42,my_dataset_test_filtered\Leather_21\1750470770553.jpg,Leather_21,brightness,mild,0,Leather_21,Leather_21|Leather_20|Leather_140,True,True,0.919517,0.106336
"dinov2_vits14 + augmentation prototypes, N=30",42,my_dataset_test_filtered\Leather_21\1750470770553.jpg,Leather_21,contrast,mild,0,Leather_21,Leather_21|Leather_20|Leather_140,True,True,0.91777,0.109478
"dinov2_vits14 + augmentation prototypes, N=30",42,my_dataset_test_filtered\Leather_21\1750470770553.jpg,Leather_21,color_jitter,mild,0,Leather_21,Leather_21|Leather_20|Leather_140,True,True,0.921463,0.09996
"dinov2_vits14 + augmentation prototypes, N=30",42,my_dataset_test_filtered\Leather_21\1750470770553.jpg,Leather_21,gaussian_blur,mild,0,Leather_21,Leather_21|Leather_20|Leather_140,True,True,0.920871,0.103227
"dinov2_vits14 + augmentation prototypes, N=30",42,my_dataset_test_filtered\Leather_21\1750470770553.jpg,Leather_21,gaussian_noise,mild,0,Leather_21,Leather_21|Leather_20|Leather_140,True,True,0.921118,0.101706
"dinov2_vits14 + augmentation prototypes, N=30",42,my_dataset_test_filtered\Leather_21\1750470770553.jpg,Leather_21,jpeg_compression,mild,0,Leather_21,Leather_21|Leather_20|Leather_140,True,True,0.919397,0.10051
"dinov2_vits14 + augmentation prototypes, N=30",42,my_dataset_test_filtered\Leather_21\1750470770553.jpg,Leather_21,rotation,mild,0,Leather_21,Leather_21|Leather_20|Leather_140,True,True,0.918938,0.118876
"dinov2_vits14 + augmentation prototypes, N=30",42,my_dataset_test_filtered\Leather_21\1750470770553.jpg,Leather_21,crop_scale,mild,0,Leather_21,Leather_21|Leather_20|Leather_140,True,True,0.928453,0.126957
"dinov2_vits14 + augmentation prototypes, N=30",42,my_dataset_test_filtered\Leather_22\1750471270864.jpg,Leather_22,brightness,mild,0,Leather_22,Leather_22|Leather_39|Leather_72,True,True,0.910562,0.139495
"dinov2_vits14 + augmentation prototypes, N=30",42,my_dataset_test_filtered\Leather_22\1750471270864.jpg,Leather_22,contrast,mild,0,Leather_22,Leather_22|Leather_39|Leather_72,True,True,0.909877,0.144459
"dinov2_vits14 + augmentation prototypes, N=30",42,my_dataset_test_filtered\Leather_22\1750471270864.jpg,Leather_22,color_jitter,mild,0,Leather_22,Leather_22|Leather_39|Leather_72,True,True,0.915787,0.150019
"dinov2_vits14 + augmentation prototypes, N=30",42,my_dataset_test_filtered\Leather_22\1750471270864.jpg,Leather_22,gaussian_blur,mild,0,Leather_22,Leather_22|Leather_39|Leather_72,True,True,0.913322,0.139351
"dinov2_vits14 + augmentation prototypes, N=30",42,my_dataset_test_filtered\Leather_22\1750471270864.jpg,Leather_22,gaussian_noise,mild,0,Leather_22,Leather_22|Leather_39|Leather_72,True,True,0.912626,0.140979
"dinov2_vits14 + augmentation prototypes, N=30",42,my_dataset_test_filtered\Leather_22\1750471270864.jpg,Leather_22,jpeg_compression,mild,0,Leather_22,Leather_22|Leather_39|Leather_72,True,True,0.914819,0.139192
"dinov2_vits14 + augmentation prototypes, N=30",42,my_dataset_test_filtered\Leather_22\1750471270864.jpg,Leather_22,rotation,mild,0,Leather_22,Leather_22|Leather_39|Leather_72,True,True,0.89749,0.125537
"dinov2_vits14 + augmentation prototypes, N=30",42,my_dataset_test_filtered\Leather_22\1750471270864.jpg,Leather_22,crop_scale,mild,0,Leather_22,Leather_22|Leather_39|Leather_72,True,True,0.927137,0.146997
"dinov2_vits14 + augmentation prototypes, N=30",42,my_dataset_test_filtered\Leather_23\1750471349579.jpg,Leather_23,brightness,mild,0,Leather_23,Leather_23|Leather_203|Leather_121,True,True,0.930632,0.400691
"dinov2_vits14 + augmentation prototypes, N=30",42,my_dataset_test_filtered\Leather_23\1750471349579.jpg,Leather_23,contrast,mild,0,Leather_23,Leather_23|Leather_203|Leather_121,True,True,0.929841,0.404544
"dinov2_vits14 + augmentation prototypes, N=30",42,my_dataset_test_filtered\Leather_23\1750471349579.jpg,Leather_23,color_jitter,mild,0,Leather_23,Leather_23|Leather_203|Leather_107,True,True,0.934209,0.399568
"dinov2_vits14 + augmentation prototypes, N=30",42,my_dataset_test_filtered\Leather_23\1750471349579.jpg,Leather_23,gaussian_blur,mild,0,Leather_23,Leather_23|Leather_203|Leather_121,True,True,0.925575,0.397371
"dinov2_vits14 + augmentation prototypes, N=30",42,my_dataset_test_filtered\Leather_23\1750471349579.jpg,Leather_23,gaussian_noise,mild,0,Leather_23,Leather_23|Leather_203|Leather_121,True,True,0.931993,0.399335
"dinov2_vits14 + augmentation prototypes, N=30",42,my_dataset_test_filtered\Leather_23\1750471349579.jpg,Leather_23,jpeg_compression,mild,0,Leather_23,Leather_23|Leather_203|Leather_121,True,True,0.929326,0.398857
"dinov2_vits14 + augmentation prototypes, N=30",42,my_dataset_test_filtered\Leather_23\1750471349579.jpg,Leather_23,rotation,mild,0,Leather_23,Leather_23|Leather_203|Leather_121,True,True,0.942239,0.380361
"dinov2_vits14 + augmentation prototypes, N=30",42,my_dataset_test_filtered\Leather_23\1750471349579.jpg,Leather_23,crop_scale,mild,0,Leather_23,Leather_23|Leather_107|Leather_203,True,True,0.950708,0.408225
"dinov2_vits14 + augmentation prototypes, N=30",42,my_dataset_test_filtered\Leather_24\1750404868870.jpg,Leather_24,brightness,mild,0,Leather_24,Leather_24|Leather_161|Leather_160,True,True,0.689382,0.09237
"dinov2_vits14 + augmentation prototypes, N=30",42,my_dataset_test_filtered\Leather_24\1750404868870.jpg,Leather_24,contrast,mild,0,Leather_24,Leather_24|Leather_161|Leather_160,True,True,0.686334,0.101673
"dinov2_vits14 + augmentation prototypes, N=30",42,my_dataset_test_filtered\Leather_24\1750404868870.jpg,Leather_24,color_jitter,mild,0,Leather_24,Leather_24|Leather_161|Leather_160,True,True,0.702373,0.082716
"dinov2_vits14 + augmentation prototypes, N=30",42,my_dataset_test_filtered\Leather_24\1750404868870.jpg,Leather_24,gaussian_blur,mild,0,Leather_24,Leather_24|Leather_161|Leather_164,True,True,0.694545,0.106695
"dinov2_vits14 + augmentation prototypes, N=30",42,my_dataset_test_filtered\Leather_24\1750404868870.jpg,Leather_24,gaussian_noise,mild,0,Leather_24,Leather_24|Leather_164|Leather_28,True,True,0.681495,0.075849
"dinov2_vits14 + augmentation prototypes, N=30",42,my_dataset_test_filtered\Leather_24\1750404868870.jpg,Leather_24,jpeg_compression,mild,0,Leather_24,Leather_24|Leather_161|Leather_164,True,True,0.705894,0.092279
"dinov2_vits14 + augmentation prototypes, N=30",42,my_dataset_test_filtered\Leather_24\1750404868870.jpg,Leather_24,rotation,mild,0,Leather_24,Leather_24|Leather_25|Leather_01,True,True,0.6752,0.100379
"dinov2_vits14 + augmentation prototypes, N=30",42,my_dataset_test_filtered\Leather_24\1750404868870.jpg,Leather_24,crop_scale,mild,0,Leather_24,Leather_24|Leather_165|Leather_173,True,True,0.896363,0.049991
"dinov2_vits14 + augmentation prototypes, N=30",42,my_dataset_test_filtered\Leather_25\1750405296218.jpg,Leather_25,brightness,mild,0,Leather_25,Leather_25|Leather_18|Leather_202,True,True,0.874071,0.131422
"dinov2_vits14 + augmentation prototypes, N=30",42,my_dataset_test_filtered\Leather_25\1750405296218.jpg,Leather_25,contrast,mild,0,Leather_25,Leather_25|Leather_162|Leather_18,True,True,0.879075,0.127622
"dinov2_vits14 + augmentation prototypes, N=30",42,my_dataset_test_filtered\Leather_25\1750405296218.jpg,Leather_25,color_jitter,mild,0,Leather_25,Leather_25|Leather_18|Leather_202,True,True,0.878738,0.146296
"dinov2_vits14 + augmentation prototypes, N=30",42,my_dataset_test_filtered\Leather_25\1750405296218.jpg,Leather_25,gaussian_blur,mild,0,Leather_25,Leather_25|Leather_202|Leather_18,True,True,0.873271,0.14733
"dinov2_vits14 + augmentation prototypes, N=30",42,my_dataset_test_filtered\Leather_25\1750405296218.jpg,Leather_25,gaussian_noise,mild,0,Leather_25,Leather_25|Leather_202|Leather_18,True,True,0.871133,0.111166
"dinov2_vits14 + augmentation prototypes, N=30",42,my_dataset_test_filtered\Leather_25\1750405296218.jpg,Leather_25,jpeg_compression,mild,0,Leather_25,Leather_25|Leather_18|Leather_179,True,True,0.854056,0.114718
"dinov2_vits14 + augmentation prototypes, N=30",42,my_dataset_test_filtered\Leather_25\1750405296218.jpg,Leather_25,rotation,mild,0,Leather_25,Leather_25|Leather_18|Leather_202,True,True,0.796902,0.086028
"dinov2_vits14 + augmentation prototypes, N=30",42,my_dataset_test_filtered\Leather_25\1750405296218.jpg,Leather_25,crop_scale,mild,0,Leather_25,Leather_25|Leather_202|Leather_162,True,True,0.84792,0.024851
"dinov2_vits14 + augmentation prototypes, N=30",42,my_dataset_test_filtered\Leather_26\1750405534348.jpg,Leather_26,brightness,mild,0,Leather_26,Leather_26|Leather_168|Leather_165,True,True,0.617047,0.056531
"dinov2_vits14 + augmentation prototypes, N=30",42,my_dataset_test_filtered\Leather_26\1750405534348.jpg,Leather_26,contrast,mild,0,Leather_26,Leather_26|Leather_168|Leather_165,True,True,0.630779,0.045142
"dinov2_vits14 + augmentation prototypes, N=30",42,my_dataset_test_filtered\Leather_26\1750405534348.jpg,Leather_26,color_jitter,mild,0,Leather_26,Leather_26|Leather_168|Leather_165,True,True,0.640996,0.043339
"dinov2_vits14 + augmentation prototypes, N=30",42,my_dataset_test_filtered\Leather_26\1750405534348.jpg,Leather_26,gaussian_blur,mild,0,Leather_26,Leather_26|Leather_165|Leather_168,True,True,0.630872,0.046464
"dinov2_vits14 + augmentation prototypes, N=30",42,my_dataset_test_filtered\Leather_26\1750405534348.jpg,Leather_26,gaussian_noise,mild,0,Leather_26,Leather_26|Leather_165|Leather_24,True,True,0.614705,0.024729
"dinov2_vits14 + augmentation prototypes, N=30",42,my_dataset_test_filtered\Leather_26\1750405534348.jpg,Leather_26,jpeg_compression,mild,0,Leather_26,Leather_26|Leather_168|Leather_165,True,True,0.625191,0.025751
"dinov2_vits14 + augmentation prototypes, N=30",42,my_dataset_test_filtered\Leather_26\1750405534348.jpg,Leather_26,rotation,mild,0,Leather_26,Leather_26|Leather_168|Leather_165,True,True,0.565369,0.063314
"dinov2_vits14 + augmentation prototypes, N=30",42,my_dataset_test_filtered\Leather_26\1750405534348.jpg,Leather_26,crop_scale,mild,0,Leather_165,Leather_165|Leather_26|Leather_02,False,True,0.910193,0.018446
"dinov2_vits14 + augmentation prototypes, N=30",42,my_dataset_test_filtered\Leather_27\1750409685638.jpg,Leather_27,brightness,mild,0,Leather_27,Leather_27|Leather_179|Leather_08,True,True,0.824627,0.084883
"dinov2_vits14 + augmentation prototypes, N=30",42,my_dataset_test_filtered\Leather_27\1750409685638.jpg,Leather_27,contrast,mild,0,Leather_27,Leather_27|Leather_179|Leather_08,True,True,0.837037,0.084383
"dinov2_vits14 + augmentation prototypes, N=30",42,my_dataset_test_filtered\Leather_27\1750409685638.jpg,Leather_27,color_jitter,mild,0,Leather_27,Leather_27|Leather_08|Leather_179,True,True,0.836084,0.088045
"dinov2_vits14 + augmentation prototypes, N=30",42,my_dataset_test_filtered\Leather_27\1750409685638.jpg,Leather_27,gaussian_blur,mild,0,Leather_27,Leather_27|Leather_08|Leather_179,True,True,0.832261,0.083713
"dinov2_vits14 + augmentation prototypes, N=30",42,my_dataset_test_filtered\Leather_27\1750409685638.jpg,Leather_27,gaussian_noise,mild,0,Leather_27,Leather_27|Leather_08|Leather_167,True,True,0.812168,0.068062
"dinov2_vits14 + augmentation prototypes, N=30",42,my_dataset_test_filtered\Leather_27\1750409685638.jpg,Leather_27,jpeg_compression,mild,0,Leather_27,Leather_27|Leather_08|Leather_179,True,True,0.832252,0.09006
"dinov2_vits14 + augmentation prototypes, N=30",42,my_dataset_test_filtered\Leather_27\1750409685638.jpg,Leather_27,rotation,mild,0,Leather_27,Leather_27|Leather_179|Leather_08,True,True,0.826744,0.066228
"dinov2_vits14 + augmentation prototypes, N=30",42,my_dataset_test_filtered\Leather_27\1750409685638.jpg,Leather_27,crop_scale,mild,0,Leather_27,Leather_27|Leather_08|Leather_159,True,True,0.929802,0.112364
"dinov2_vits14 + augmentation prototypes, N=30",42,my_dataset_test_filtered\Leather_28\1750409789490.jpg,Leather_28,brightness,mild,0,Leather_28,Leather_28|Leather_186|Leather_164,True,True,0.810178,0.068023
"dinov2_vits14 + augmentation prototypes, N=30",42,my_dataset_test_filtered\Leather_28\1750409789490.jpg,Leather_28,contrast,mild,0,Leather_28,Leather_28|Leather_186|Leather_164,True,True,0.818677,0.07257
"dinov2_vits14 + augmentation prototypes, N=30",42,my_dataset_test_filtered\Leather_28\1750409789490.jpg,Leather_28,color_jitter,mild,0,Leather_28,Leather_28|Leather_186|Leather_164,True,True,0.797203,0.073041
"dinov2_vits14 + augmentation prototypes, N=30",42,my_dataset_test_filtered\Leather_28\1750409789490.jpg,Leather_28,gaussian_blur,mild,0,Leather_28,Leather_28|Leather_186|Leather_164,True,True,0.811006,0.064557
"dinov2_vits14 + augmentation prototypes, N=30",42,my_dataset_test_filtered\Leather_28\1750409789490.jpg,Leather_28,gaussian_noise,mild,0,Leather_28,Leather_28|Leather_164|Leather_165,True,True,0.790956,0.064171
"dinov2_vits14 + augmentation prototypes, N=30",42,my_dataset_test_filtered\Leather_28\1750409789490.jpg,Leather_28,jpeg_compression,mild,0,Leather_28,Leather_28|Leather_164|Leather_186,True,True,0.808784,0.073294
"dinov2_vits14 + augmentation prototypes, N=30",42,my_dataset_test_filtered\Leather_28\1750409789490.jpg,Leather_28,rotation,mild,0,Leather_28,Leather_28|Leather_186|Leather_164,True,True,0.854987,0.075288
"dinov2_vits14 + augmentation prototypes, N=30",42,my_dataset_test_filtered\Leather_28\1750409789490.jpg,Leather_28,crop_scale,mild,0,Leather_28,Leather_28|Leather_186|Leather_164,True,True,0.820022,0.052406
"dinov2_vits14 + augmentation prototypes, N=30",42,my_dataset_test_filtered\Leather_29\1750471438228.jpg,Leather_29,brightness,mild,0,Leather_29,Leather_29|Leather_34|Leather_128,True,True,0.95882,0.28583
"dinov2_vits14 + augmentation prototypes, N=30",42,my_dataset_test_filtered\Leather_29\1750471438228.jpg,Leather_29,contrast,mild,0,Leather_29,Leather_29|Leather_34|Leather_128,True,True,0.952872,0.279715
"dinov2_vits14 + augmentation prototypes, N=30",42,my_dataset_test_filtered\Leather_29\1750471438228.jpg,Leather_29,color_jitter,mild,0,Leather_29,Leather_29|Leather_34|Leather_33,True,True,0.959972,0.282
"dinov2_vits14 + augmentation prototypes, N=30",42,my_dataset_test_filtered\Leather_29\1750471438228.jpg,Leather_29,gaussian_blur,mild,0,Leather_29,Leather_29|Leather_34|Leather_128,True,True,0.960765,0.293599
"dinov2_vits14 + augmentation prototypes, N=30",42,my_dataset_test_filtered\Leather_29\1750471438228.jpg,Leather_29,gaussian_noise,mild,0,Leather_29,Leather_29|Leather_34|Leather_33,True,True,0.959305,0.279785
"dinov2_vits14 + augmentation prototypes, N=30",42,my_dataset_test_filtered\Leather_29\1750471438228.jpg,Leather_29,jpeg_compression,mild,0,Leather_29,Leather_29|Leather_34|Leather_33,True,True,0.958975,0.283281
"dinov2_vits14 + augmentation prototypes, N=30",42,my_dataset_test_filtered\Leather_29\1750471438228.jpg,Leather_29,rotation,mild,0,Leather_29,Leather_29|Leather_34|Leather_33,True,True,0.936975,0.230968
"dinov2_vits14 + augmentation prototypes, N=30",42,my_dataset_test_filtered\Leather_29\1750471438228.jpg,Leather_29,crop_scale,mild,0,Leather_29,Leather_29|Leather_33|Leather_128,True,True,0.973913,0.284244
"dinov2_vits14 + augmentation prototypes, N=30",42,my_dataset_test_filtered\Leather_30\1750471530238.jpg,Leather_30,brightness,mild,0,Leather_30,Leather_30|Leather_31|Leather_32,True,True,0.967719,0.145164
"dinov2_vits14 + augmentation prototypes, N=30",42,my_dataset_test_filtered\Leather_30\1750471530238.jpg,Leather_30,contrast,mild,0,Leather_30,Leather_30|Leather_31|Leather_32,True,True,0.958446,0.138792
"dinov2_vits14 + augmentation prototypes, N=30",42,my_dataset_test_filtered\Leather_30\1750471530238.jpg,Leather_30,color_jitter,mild,0,Leather_30,Leather_30|Leather_31|Leather_32,True,True,0.965109,0.147612
"dinov2_vits14 + augmentation prototypes, N=30",42,my_dataset_test_filtered\Leather_30\1750471530238.jpg,Leather_30,gaussian_blur,mild,0,Leather_30,Leather_30|Leather_31|Leather_32,True,True,0.968577,0.157415
"dinov2_vits14 + augmentation prototypes, N=30",42,my_dataset_test_filtered\Leather_30\1750471530238.jpg,Leather_30,gaussian_noise,mild,0,Leather_30,Leather_30|Leather_31|Leather_32,True,True,0.969307,0.156489
"dinov2_vits14 + augmentation prototypes, N=30",42,my_dataset_test_filtered\Leather_30\1750471530238.jpg,Leather_30,jpeg_compression,mild,0,Leather_30,Leather_30|Leather_31|Leather_32,True,True,0.965944,0.152132
"dinov2_vits14 + augmentation prototypes, N=30",42,my_dataset_test_filtered\Leather_30\1750471530238.jpg,Leather_30,rotation,mild,0,Leather_30,Leather_30|Leather_31|Leather_32,True,True,0.956711,0.109666
"dinov2_vits14 + augmentation prototypes, N=30",42,my_dataset_test_filtered\Leather_30\1750471530238.jpg,Leather_30,crop_scale,mild,0,Leather_30,Leather_30|Leather_31|Leather_32,True,True,0.956738,0.160539
"dinov2_vits14 + augmentation prototypes, N=30",42,my_dataset_test_filtered\Leather_31\1750471605030.jpg,Leather_31,brightness,mild,0,Leather_31,Leather_31|Leather_30|Leather_32,True,True,0.95103,0.120625
"dinov2_vits14 + augmentation prototypes, N=30",42,my_dataset_test_filtered\Leather_31\1750471605030.jpg,Leather_31,contrast,mild,0,Leather_31,Leather_31|Leather_30|Leather_32,True,True,0.938208,0.10687
"dinov2_vits14 + augmentation prototypes, N=30",42,my_dataset_test_filtered\Leather_31\1750471605030.jpg,Leather_31,color_jitter,mild,0,Leather_31,Leather_31|Leather_32|Leather_30,True,True,0.946667,0.119901
"dinov2_vits14 + augmentation prototypes, N=30",42,my_dataset_test_filtered\Leather_31\1750471605030.jpg,Leather_31,gaussian_blur,mild,0,Leather_31,Leather_31|Leather_32|Leather_30,True,True,0.94625,0.125126
"dinov2_vits14 + augmentation prototypes, N=30",42,my_dataset_test_filtered\Leather_31\1750471605030.jpg,Leather_31,gaussian_noise,mild,0,Leather_31,Leather_31|Leather_30|Leather_32,True,True,0.947344,0.114841
"dinov2_vits14 + augmentation prototypes, N=30",42,my_dataset_test_filtered\Leather_31\1750471605030.jpg,Leather_31,jpeg_compression,mild,0,Leather_31,Leather_31|Leather_30|Leather_32,True,True,0.944613,0.107505
"dinov2_vits14 + augmentation prototypes, N=30",42,my_dataset_test_filtered\Leather_31\1750471605030.jpg,Leather_31,rotation,mild,0,Leather_31,Leather_31|Leather_32|Leather_30,True,True,0.936648,0.115607
"dinov2_vits14 + augmentation prototypes, N=30",42,my_dataset_test_filtered\Leather_31\1750471605030.jpg,Leather_31,crop_scale,mild,0,Leather_31,Leather_31|Leather_30|Leather_32,True,True,0.958005,0.110939
"dinov2_vits14 + augmentation prototypes, N=30",42,my_dataset_test_filtered\Leather_32\1750471682491.jpg,Leather_32,brightness,mild,0,Leather_32,Leather_32|Leather_31|Leather_58,True,True,0.881536,0.119782
"dinov2_vits14 + augmentation prototypes, N=30",42,my_dataset_test_filtered\Leather_32\1750471682491.jpg,Leather_32,contrast,mild,0,Leather_32,Leather_32|Leather_31|Leather_58,True,True,0.877631,0.107212
"dinov2_vits14 + augmentation prototypes, N=30",42,my_dataset_test_filtered\Leather_32\1750471682491.jpg,Leather_32,color_jitter,mild,0,Leather_32,Leather_32|Leather_31|Leather_58,True,True,0.871827,0.104249
"dinov2_vits14 + augmentation prototypes, N=30",42,my_dataset_test_filtered\Leather_32\1750471682491.jpg,Leather_32,gaussian_blur,mild,0,Leather_32,Leather_32|Leather_31|Leather_30,True,True,0.879409,0.137051
"dinov2_vits14 + augmentation prototypes, N=30",42,my_dataset_test_filtered\Leather_32\1750471682491.jpg,Leather_32,gaussian_noise,mild,0,Leather_32,Leather_32|Leather_31|Leather_58,True,True,0.886002,0.133896
"dinov2_vits14 + augmentation prototypes, N=30",42,my_dataset_test_filtered\Leather_32\1750471682491.jpg,Leather_32,jpeg_compression,mild,0,Leather_32,Leather_32|Leather_31|Leather_58,True,True,0.880448,0.117479
"dinov2_vits14 + augmentation prototypes, N=30",42,my_dataset_test_filtered\Leather_32\1750471682491.jpg,Leather_32,rotation,mild,0,Leather_32,Leather_32|Leather_31|Leather_30,True,True,0.858641,0.146077
"dinov2_vits14 + augmentation prototypes, N=30",42,my_dataset_test_filtered\Leather_32\1750471682491.jpg,Leather_32,crop_scale,mild,0,Leather_32,Leather_32|Leather_31|Leather_56,True,True,0.966464,0.149187
"dinov2_vits14 + augmentation prototypes, N=30",42,my_dataset_test_filtered\Leather_33\1750471764013.jpg,Leather_33,brightness,mild,0,Leather_34,Leather_34|Leather_30|Leather_33,False,True,0.696515,0.07519
"dinov2_vits14 + augmentation prototypes, N=30",42,my_dataset_test_filtered\Leather_33\1750471764013.jpg,Leather_33,contrast,mild,0,Leather_34,Leather_34|Leather_30|Leather_33,False,True,0.694932,0.07341
"dinov2_vits14 + augmentation prototypes, N=30",42,my_dataset_test_filtered\Leather_33\1750471764013.jpg,Leather_33,color_jitter,mild,0,Leather_34,Leather_34|Leather_30|Leather_33,False,True,0.700733,0.090854
"dinov2_vits14 + augmentation prototypes, N=30",42,my_dataset_test_filtered\Leather_33\1750471764013.jpg,Leather_33,gaussian_blur,mild,0,Leather_34,Leather_34|Leather_30|Leather_33,False,True,0.702448,0.077035
"dinov2_vits14 + augmentation prototypes, N=30",42,my_dataset_test_filtered\Leather_33\1750471764013.jpg,Leather_33,gaussian_noise,mild,0,Leather_34,Leather_34|Leather_30|Leather_141,False,False,0.699195,0.078933
"dinov2_vits14 + augmentation prototypes, N=30",42,my_dataset_test_filtered\Leather_33\1750471764013.jpg,Leather_33,jpeg_compression,mild,0,Leather_34,Leather_34|Leather_30|Leather_33,False,True,0.702926,0.075805
"dinov2_vits14 + augmentation prototypes, N=30",42,my_dataset_test_filtered\Leather_33\1750471764013.jpg,Leather_33,rotation,mild,0,Leather_34,Leather_34|Leather_30|Leather_141,False,False,0.710444,0.105163
"dinov2_vits14 + augmentation prototypes, N=30",42,my_dataset_test_filtered\Leather_33\1750471764013.jpg,Leather_33,crop_scale,mild,0,Leather_34,Leather_34|Leather_30|Leather_33,False,True,0.669297,0.077067
"dinov2_vits14 + augmentation prototypes, N=30",42,my_dataset_test_filtered\Leather_34\1750471821479.jpg,Leather_34,brightness,mild,0,Leather_34,Leather_34|Leather_37|Leather_137,True,True,0.944723,0.335312
"dinov2_vits14 + augmentation prototypes, N=30",42,my_dataset_test_filtered\Leather_34\1750471821479.jpg,Leather_34,contrast,mild,0,Leather_34,Leather_34|Leather_37|Leather_137,True,True,0.940979,0.328518
"dinov2_vits14 + augmentation prototypes, N=30",42,my_dataset_test_filtered\Leather_34\1750471821479.jpg,Leather_34,color_jitter,mild,0,Leather_34,Leather_34|Leather_137|Leather_37,True,True,0.945746,0.340299
"dinov2_vits14 + augmentation prototypes, N=30",42,my_dataset_test_filtered\Leather_34\1750471821479.jpg,Leather_34,gaussian_blur,mild,0,Leather_34,Leather_34|Leather_37|Leather_137,True,True,0.947677,0.337569
"dinov2_vits14 + augmentation prototypes, N=30",42,my_dataset_test_filtered\Leather_34\1750471821479.jpg,Leather_34,gaussian_noise,mild,0,Leather_34,Leather_34|Leather_37|Leather_141,True,True,0.947339,0.338062
"dinov2_vits14 + augmentation prototypes, N=30",42,my_dataset_test_filtered\Leather_34\1750471821479.jpg,Leather_34,jpeg_compression,mild,0,Leather_34,Leather_34|Leather_37|Leather_141,True,True,0.946519,0.338774
"dinov2_vits14 + augmentation prototypes, N=30",42,my_dataset_test_filtered\Leather_34\1750471821479.jpg,Leather_34,rotation,mild,0,Leather_34,Leather_34|Leather_137|Leather_141,True,True,0.954544,0.34597
"dinov2_vits14 + augmentation prototypes, N=30",42,my_dataset_test_filtered\Leather_34\1750471821479.jpg,Leather_34,crop_scale,mild,0,Leather_34,Leather_34|Leather_137|Leather_30,True,True,0.957984,0.352893
"dinov2_vits14 + augmentation prototypes, N=30",42,my_dataset_test_filtered\Leather_35\1750472237638.png,Leather_35,brightness,mild,0,Leather_35,Leather_35|Leather_74|Leather_149,True,True,0.976564,0.38944
"dinov2_vits14 + augmentation prototypes, N=30",42,my_dataset_test_filtered\Leather_35\1750472237638.png,Leather_35,contrast,mild,0,Leather_35,Leather_35|Leather_74|Leather_149,True,True,0.978434,0.384322
"dinov2_vits14 + augmentation prototypes, N=30",42,my_dataset_test_filtered\Leather_35\1750472237638.png,Leather_35,color_jitter,mild,0,Leather_35,Leather_35|Leather_149|Leather_74,True,True,0.977764,0.387872
"dinov2_vits14 + augmentation prototypes, N=30",42,my_dataset_test_filtered\Leather_35\1750472237638.png,Leather_35,gaussian_blur,mild,0,Leather_35,Leather_35|Leather_149|Leather_74,True,True,0.982941,0.38546
"dinov2_vits14 + augmentation prototypes, N=30",42,my_dataset_test_filtered\Leather_35\1750472237638.png,Leather_35,gaussian_noise,mild,0,Leather_35,Leather_35|Leather_149|Leather_74,True,True,0.980783,0.390663
"dinov2_vits14 + augmentation prototypes, N=30",42,my_dataset_test_filtered\Leather_35\1750472237638.png,Leather_35,jpeg_compression,mild,0,Leather_35,Leather_35|Leather_149|Leather_74,True,True,0.980655,0.391037
"dinov2_vits14 + augmentation prototypes, N=30",42,my_dataset_test_filtered\Leather_35\1750472237638.png,Leather_35,rotation,mild,0,Leather_35,Leather_35|Leather_149|Leather_60,True,True,0.94467,0.39442
"dinov2_vits14 + augmentation prototypes, N=30",42,my_dataset_test_filtered\Leather_35\1750472237638.png,Leather_35,crop_scale,mild,0,Leather_35,Leather_35|Leather_74|Leather_49,True,True,0.963245,0.365507
"dinov2_vits14 + augmentation prototypes, N=30",42,my_dataset_test_filtered\Leather_36\1750472577788.jpg,Leather_36,brightness,mild,0,Leather_36,Leather_36|Leather_136|Leather_94,True,True,0.976204,0.363785
"dinov2_vits14 + augmentation prototypes, N=30",42,my_dataset_test_filtered\Leather_36\1750472577788.jpg,Leather_36,contrast,mild,0,Leather_36,Leather_36|Leather_136|Leather_94,True,True,0.975175,0.365284
"dinov2_vits14 + augmentation prototypes, N=30",42,my_dataset_test_filtered\Leather_36\1750472577788.jpg,Leather_36,color_jitter,mild,0,Leather_36,Leather_36|Leather_136|Leather_94,True,True,0.97741,0.360599
"dinov2_vits14 + augmentation prototypes, N=30",42,my_dataset_test_filtered\Leather_36\1750472577788.jpg,Leather_36,gaussian_blur,mild,0,Leather_36,Leather_36|Leather_136|Leather_94,True,True,0.976593,0.364424
"dinov2_vits14 + augmentation prototypes, N=30",42,my_dataset_test_filtered\Leather_36\1750472577788.jpg,Leather_36,gaussian_noise,mild,0,Leather_36,Leather_36|Leather_136|Leather_94,True,True,0.977546,0.362492
"dinov2_vits14 + augmentation prototypes, N=30",42,my_dataset_test_filtered\Leather_36\1750472577788.jpg,Leather_36,jpeg_compression,mild,0,Leather_36,Leather_36|Leather_136|Leather_94,True,True,0.977389,0.364639
"dinov2_vits14 + augmentation prototypes, N=30",42,my_dataset_test_filtered\Leather_36\1750472577788.jpg,Leather_36,rotation,mild,0,Leather_36,Leather_36|Leather_142|Leather_94,True,True,0.924587,0.258332
"dinov2_vits14 + augmentation prototypes, N=30",42,my_dataset_test_filtered\Leather_36\1750472577788.jpg,Leather_36,crop_scale,mild,0,Leather_36,Leather_36|Leather_94|Leather_136,True,True,0.97644,0.362425
"dinov2_vits14 + augmentation prototypes, N=30",42,my_dataset_test_filtered\Leather_37\1750472664705.png,Leather_37,brightness,mild,0,Leather_37,Leather_37|Leather_55|Leather_43,True,True,0.973263,0.176065
"dinov2_vits14 + augmentation prototypes, N=30",42,my_dataset_test_filtered\Leather_37\1750472664705.png,Leather_37,contrast,mild,0,Leather_37,Leather_37|Leather_55|Leather_43,True,True,0.971722,0.185928
"dinov2_vits14 + augmentation prototypes, N=30",42,my_dataset_test_filtered\Leather_37\1750472664705.png,Leather_37,color_jitter,mild,0,Leather_37,Leather_37|Leather_55|Leather_43,True,True,0.973499,0.172855
"dinov2_vits14 + augmentation prototypes, N=30",42,my_dataset_test_filtered\Leather_37\1750472664705.png,Leather_37,gaussian_blur,mild,0,Leather_37,Leather_37|Leather_55|Leather_139,True,True,0.970111,0.169088
"dinov2_vits14 + augmentation prototypes, N=30",42,my_dataset_test_filtered\Leather_37\1750472664705.png,Leather_37,gaussian_noise,mild,0,Leather_37,Leather_37|Leather_55|Leather_43,True,True,0.973911,0.175606
"dinov2_vits14 + augmentation prototypes, N=30",42,my_dataset_test_filtered\Leather_37\1750472664705.png,Leather_37,jpeg_compression,mild,0,Leather_37,Leather_37|Leather_55|Leather_43,True,True,0.973057,0.173179
"dinov2_vits14 + augmentation prototypes, N=30",42,my_dataset_test_filtered\Leather_37\1750472664705.png,Leather_37,rotation,mild,0,Leather_37,Leather_37|Leather_55|Leather_142,True,True,0.943509,0.170622
"dinov2_vits14 + augmentation prototypes, N=30",42,my_dataset_test_filtered\Leather_37\1750472664705.png,Leather_37,crop_scale,mild,0,Leather_37,Leather_37|Leather_55|Leather_20,True,True,0.96791,0.181983
"dinov2_vits14 + augmentation prototypes, N=30",42,my_dataset_test_filtered\Leather_38\1750473300546.jpg,Leather_38,brightness,mild,0,Leather_38,Leather_38|Leather_40|Leather_21,True,True,0.911226,0.100752
"dinov2_vits14 + augmentation prototypes, N=30",42,my_dataset_test_filtered\Leather_38\1750473300546.jpg,Leather_38,contrast,mild,0,Leather_38,Leather_38|Leather_40|Leather_21,True,True,0.90651,0.097681
"dinov2_vits14 + augmentation prototypes, N=30",42,my_dataset_test_filtered\Leather_38\1750473300546.jpg,Leather_38,color_jitter,mild,0,Leather_38,Leather_38|Leather_40|Leather_21,True,True,0.913423,0.105894
"dinov2_vits14 + augmentation prototypes, N=30",42,my_dataset_test_filtered\Leather_38\1750473300546.jpg,Leather_38,gaussian_blur,mild,0,Leather_38,Leather_38|Leather_40|Leather_21,True,True,0.91539,0.099418
"dinov2_vits14 + augmentation prototypes, N=30",42,my_dataset_test_filtered\Leather_38\1750473300546.jpg,Leather_38,gaussian_noise,mild,0,Leather_38,Leather_38|Leather_40|Leather_21,True,True,0.913827,0.105196
"dinov2_vits14 + augmentation prototypes, N=30",42,my_dataset_test_filtered\Leather_38\1750473300546.jpg,Leather_38,jpeg_compression,mild,0,Leather_38,Leather_38|Leather_40|Leather_21,True,True,0.913435,0.105458
"dinov2_vits14 + augmentation prototypes, N=30",42,my_dataset_test_filtered\Leather_38\1750473300546.jpg,Leather_38,rotation,mild,0,Leather_38,Leather_38|Leather_40|Leather_21,True,True,0.919503,0.093128
"dinov2_vits14 + augmentation prototypes, N=30",42,my_dataset_test_filtered\Leather_38\1750473300546.jpg,Leather_38,crop_scale,mild,0,Leather_38,Leather_38|Leather_40|Leather_109,True,True,0.941201,0.122497
"dinov2_vits14 + augmentation prototypes, N=30",42,my_dataset_test_filtered\Leather_39\1750473140715.jpg,Leather_39,brightness,mild,0,Leather_39,Leather_39|Leather_22|Leather_58,True,True,0.937849,0.082012
"dinov2_vits14 + augmentation prototypes, N=30",42,my_dataset_test_filtered\Leather_39\1750473140715.jpg,Leather_39,contrast,mild,0,Leather_39,Leather_39|Leather_22|Leather_58,True,True,0.937862,0.083826
"dinov2_vits14 + augmentation prototypes, N=30",42,my_dataset_test_filtered\Leather_39\1750473140715.jpg,Leather_39,color_jitter,mild,0,Leather_39,Leather_39|Leather_22|Leather_58,True,True,0.93373,0.076553
"dinov2_vits14 + augmentation prototypes, N=30",42,my_dataset_test_filtered\Leather_39\1750473140715.jpg,Leather_39,gaussian_blur,mild,0,Leather_39,Leather_39|Leather_22|Leather_58,True,True,0.925481,0.073167
"dinov2_vits14 + augmentation prototypes, N=30",42,my_dataset_test_filtered\Leather_39\1750473140715.jpg,Leather_39,gaussian_noise,mild,0,Leather_39,Leather_39|Leather_22|Leather_58,True,True,0.935532,0.076789
"dinov2_vits14 + augmentation prototypes, N=30",42,my_dataset_test_filtered\Leather_39\1750473140715.jpg,Leather_39,jpeg_compression,mild,0,Leather_39,Leather_39|Leather_22|Leather_58,True,True,0.937464,0.07684
"dinov2_vits14 + augmentation prototypes, N=30",42,my_dataset_test_filtered\Leather_39\1750473140715.jpg,Leather_39,rotation,mild,0,Leather_39,Leather_39|Leather_22|Leather_58,True,True,0.932018,0.110857
"dinov2_vits14 + augmentation prototypes, N=30",42,my_dataset_test_filtered\Leather_39\1750473140715.jpg,Leather_39,crop_scale,mild,0,Leather_39,Leather_39|Leather_22|Leather_58,True,True,0.957154,0.089542
"dinov2_vits14 + augmentation prototypes, N=30",42,my_dataset_test_filtered\Leather_40\1750473354598.jpg,Leather_40,brightness,mild,0,Leather_40,Leather_40|Leather_38|Leather_97,True,True,0.937279,0.095902
"dinov2_vits14 + augmentation prototypes, N=30",42,my_dataset_test_filtered\Leather_40\1750473354598.jpg,Leather_40,contrast,mild,0,Leather_40,Leather_40|Leather_38|Leather_97,True,True,0.939008,0.093636
"dinov2_vits14 + augmentation prototypes, N=30",42,my_dataset_test_filtered\Leather_40\1750473354598.jpg,Leather_40,color_jitter,mild,0,Leather_40,Leather_40|Leather_38|Leather_97,True,True,0.940076,0.093726
"dinov2_vits14 + augmentation prototypes, N=30",42,my_dataset_test_filtered\Leather_40\1750473354598.jpg,Leather_40,gaussian_blur,mild,0,Leather_40,Leather_40|Leather_38|Leather_97,True,True,0.938051,0.095728
"dinov2_vits14 + augmentation prototypes, N=30",42,my_dataset_test_filtered\Leather_40\1750473354598.jpg,Leather_40,gaussian_noise,mild,0,Leather_40,Leather_40|Leather_38|Leather_97,True,True,0.940823,0.09766
"dinov2_vits14 + augmentation prototypes, N=30",42,my_dataset_test_filtered\Leather_40\1750473354598.jpg,Leather_40,jpeg_compression,mild,0,Leather_40,Leather_40|Leather_38|Leather_97,True,True,0.940861,0.097348
"dinov2_vits14 + augmentation prototypes, N=30",42,my_dataset_test_filtered\Leather_40\1750473354598.jpg,Leather_40,rotation,mild,0,Leather_40,Leather_40|Leather_38|Leather_97,True,True,0.945172,0.111434
"dinov2_vits14 + augmentation prototypes, N=30",42,my_dataset_test_filtered\Leather_40\1750473354598.jpg,Leather_40,crop_scale,mild,0,Leather_40,Leather_40|Leather_38|Leather_21,True,True,0.958281,0.131624
"dinov2_vits14 + augmentation prototypes, N=30",42,my_dataset_test_filtered\Leather_41\1750473418205.jpg,Leather_41,brightness,mild,0,Leather_41,Leather_41|Leather_38|Leather_126,True,True,0.910479,0.275497
"dinov2_vits14 + augmentation prototypes, N=30",42,my_dataset_test_filtered\Leather_41\1750473418205.jpg,Leather_41,contrast,mild,0,Leather_41,Leather_41|Leather_38|Leather_126,True,True,0.911001,0.265718
"dinov2_vits14 + augmentation prototypes, N=30",42,my_dataset_test_filtered\Leather_41\1750473418205.jpg,Leather_41,color_jitter,mild,0,Leather_41,Leather_41|Leather_38|Leather_50,True,True,0.908413,0.267499
"dinov2_vits14 + augmentation prototypes, N=30",42,my_dataset_test_filtered\Leather_41\1750473418205.jpg,Leather_41,gaussian_blur,mild,0,Leather_41,Leather_41|Leather_38|Leather_126,True,True,0.913078,0.274651
"dinov2_vits14 + augmentation prototypes, N=30",42,my_dataset_test_filtered\Leather_41\1750473418205.jpg,Leather_41,gaussian_noise,mild,0,Leather_41,Leather_41|Leather_38|Leather_126,True,True,0.912785,0.274173
"dinov2_vits14 + augmentation prototypes, N=30",42,my_dataset_test_filtered\Leather_41\1750473418205.jpg,Leather_41,jpeg_compression,mild,0,Leather_41,Leather_41|Leather_38|Leather_126,True,True,0.912689,0.277834
"dinov2_vits14 + augmentation prototypes, N=30",42,my_dataset_test_filtered\Leather_41\1750473418205.jpg,Leather_41,rotation,mild,0,Leather_41,Leather_41|Leather_126|Leather_38,True,True,0.90766,0.28013
"dinov2_vits14 + augmentation prototypes, N=30",42,my_dataset_test_filtered\Leather_41\1750473418205.jpg,Leather_41,crop_scale,mild,0,Leather_41,Leather_41|Leather_38|Leather_126,True,True,0.917746,0.310554
"dinov2_vits14 + augmentation prototypes, N=30",42,my_dataset_test_filtered\Leather_42\1750473495687.jpg,Leather_42,brightness,mild,0,Leather_42,Leather_42|Leather_97|Leather_139,True,True,0.927787,0.241163
"dinov2_vits14 + augmentation prototypes, N=30",42,my_dataset_test_filtered\Leather_42\1750473495687.jpg,Leather_42,contrast,mild,0,Leather_42,Leather_42|Leather_97|Leather_139,True,True,0.928177,0.240125
"dinov2_vits14 + augmentation prototypes, N=30",42,my_dataset_test_filtered\Leather_42\1750473495687.jpg,Leather_42,color_jitter,mild,0,Leather_42,Leather_42|Leather_97|Leather_139,True,True,0.936131,0.254007
"dinov2_vits14 + augmentation prototypes, N=30",42,my_dataset_test_filtered\Leather_42\1750473495687.jpg,Leather_42,gaussian_blur,mild,0,Leather_42,Leather_42|Leather_97|Leather_139,True,True,0.926759,0.241264
"dinov2_vits14 + augmentation prototypes, N=30",42,my_dataset_test_filtered\Leather_42\1750473495687.jpg,Leather_42,gaussian_noise,mild,0,Leather_42,Leather_42|Leather_97|Leather_139,True,True,0.932453,0.251112
"dinov2_vits14 + augmentation prototypes, N=30",42,my_dataset_test_filtered\Leather_42\1750473495687.jpg,Leather_42,jpeg_compression,mild,0,Leather_42,Leather_42|Leather_97|Leather_139,True,True,0.931825,0.251837
"dinov2_vits14 + augmentation prototypes, N=30",42,my_dataset_test_filtered\Leather_42\1750473495687.jpg,Leather_42,rotation,mild,0,Leather_42,Leather_42|Leather_97|Leather_139,True,True,0.946433,0.226363
"dinov2_vits14 + augmentation prototypes, N=30",42,my_dataset_test_filtered\Leather_42\1750473495687.jpg,Leather_42,crop_scale,mild,0,Leather_42,Leather_42|Leather_97|Leather_139,True,True,0.955713,0.211298
"dinov2_vits14 + augmentation prototypes, N=30",42,my_dataset_test_filtered\Leather_43\1750473554134.jpg,Leather_43,brightness,mild,0,Leather_43,Leather_43|Leather_37|Leather_120,True,True,0.748451,0.094585
"dinov2_vits14 + augmentation prototypes, N=30",42,my_dataset_test_filtered\Leather_43\1750473554134.jpg,Leather_43,contrast,mild,0,Leather_43,Leather_43|Leather_37|Leather_120,True,True,0.742337,0.078831
"dinov2_vits14 + augmentation prototypes, N=30",42,my_dataset_test_filtered\Leather_43\1750473554134.jpg,Leather_43,color_jitter,mild,0,Leather_43,Leather_43|Leather_37|Leather_150,True,True,0.761612,0.110715
"dinov2_vits14 + augmentation prototypes, N=30",42,my_dataset_test_filtered\Leather_43\1750473554134.jpg,Leather_43,gaussian_blur,mild,0,Leather_43,Leather_43|Leather_37|Leather_120,True,True,0.740189,0.099623
"dinov2_vits14 + augmentation prototypes, N=30",42,my_dataset_test_filtered\Leather_43\1750473554134.jpg,Leather_43,gaussian_noise,mild,0,Leather_43,Leather_43|Leather_37|Leather_120,True,True,0.753192,0.100816
"dinov2_vits14 + augmentation prototypes, N=30",42,my_dataset_test_filtered\Leather_43\1750473554134.jpg,Leather_43,jpeg_compression,mild,0,Leather_43,Leather_43|Leather_37|Leather_150,True,True,0.745236,0.099245
"dinov2_vits14 + augmentation prototypes, N=30",42,my_dataset_test_filtered\Leather_43\1750473554134.jpg,Leather_43,rotation,mild,0,Leather_43,Leather_43|Leather_71|Leather_37,True,True,0.753262,0.103954
"dinov2_vits14 + augmentation prototypes, N=30",42,my_dataset_test_filtered\Leather_43\1750473554134.jpg,Leather_43,crop_scale,mild,0,Leather_43,Leather_43|Leather_150|Leather_37,True,True,0.686533,0.088338
"dinov2_vits14 + augmentation prototypes, N=30",42,my_dataset_test_filtered\Leather_44\1750473677835.jpg,Leather_44,brightness,mild,0,Leather_44,Leather_44|Leather_66|Leather_65,True,True,0.946253,0.303957
"dinov2_vits14 + augmentation prototypes, N=30",42,my_dataset_test_filtered\Leather_44\1750473677835.jpg,Leather_44,contrast,mild,0,Leather_44,Leather_44|Leather_66|Leather_65,True,True,0.946658,0.302136
"dinov2_vits14 + augmentation prototypes, N=30",42,my_dataset_test_filtered\Leather_44\1750473677835.jpg,Leather_44,color_jitter,mild,0,Leather_44,Leather_44|Leather_66|Leather_65,True,True,0.947745,0.308203
"dinov2_vits14 + augmentation prototypes, N=30",42,my_dataset_test_filtered\Leather_44\1750473677835.jpg,Leather_44,gaussian_blur,mild,0,Leather_44,Leather_44|Leather_66|Leather_65,True,True,0.943336,0.302773
"dinov2_vits14 + augmentation prototypes, N=30",42,my_dataset_test_filtered\Leather_44\1750473677835.jpg,Leather_44,gaussian_noise,mild,0,Leather_44,Leather_44|Leather_66|Leather_65,True,True,0.948354,0.301898
"dinov2_vits14 + augmentation prototypes, N=30",42,my_dataset_test_filtered\Leather_44\1750473677835.jpg,Leather_44,jpeg_compression,mild,0,Leather_44,Leather_44|Leather_66|Leather_65,True,True,0.949314,0.303495
"dinov2_vits14 + augmentation prototypes, N=30",42,my_dataset_test_filtered\Leather_44\1750473677835.jpg,Leather_44,rotation,mild,0,Leather_44,Leather_44|Leather_65|Leather_66,True,True,0.932453,0.309926
"dinov2_vits14 + augmentation prototypes, N=30",42,my_dataset_test_filtered\Leather_44\1750473677835.jpg,Leather_44,crop_scale,mild,0,Leather_44,Leather_44|Leather_66|Leather_125,True,True,0.937661,0.321031
"dinov2_vits14 + augmentation prototypes, N=30",42,my_dataset_test_filtered\Leather_45\1750473722987.jpg,Leather_45,brightness,mild,0,Leather_45,Leather_45|Leather_79|Leather_178,True,True,0.973034,0.326712
"dinov2_vits14 + augmentation prototypes, N=30",42,my_dataset_test_filtered\Leather_45\1750473722987.jpg,Leather_45,contrast,mild,0,Leather_45,Leather_45|Leather_79|Leather_148,True,True,0.969919,0.316958
"dinov2_vits14 + augmentation prototypes, N=30",42,my_dataset_test_filtered\Leather_45\1750473722987.jpg,Leather_45,color_jitter,mild,0,Leather_45,Leather_45|Leather_79|Leather_148,True,True,0.968586,0.305491
"dinov2_vits14 + augmentation prototypes, N=30",42,my_dataset_test_filtered\Leather_45\1750473722987.jpg,Leather_45,gaussian_blur,mild,0,Leather_45,Leather_45|Leather_79|Leather_148,True,True,0.964353,0.293229
"dinov2_vits14 + augmentation prototypes, N=30",42,my_dataset_test_filtered\Leather_45\1750473722987.jpg,Leather_45,gaussian_noise,mild,0,Leather_45,Leather_45|Leather_79|Leather_148,True,True,0.965845,0.295459
"dinov2_vits14 + augmentation prototypes, N=30",42,my_dataset_test_filtered\Leather_45\1750473722987.jpg,Leather_45,jpeg_compression,mild,0,Leather_45,Leather_45|Leather_79|Leather_148,True,True,0.967283,0.2976
"dinov2_vits14 + augmentation prototypes, N=30",42,my_dataset_test_filtered\Leather_45\1750473722987.jpg,Leather_45,rotation,mild,0,Leather_45,Leather_45|Leather_79|Leather_148,True,True,0.965576,0.276554
"dinov2_vits14 + augmentation prototypes, N=30",42,my_dataset_test_filtered\Leather_45\1750473722987.jpg,Leather_45,crop_scale,mild,0,Leather_45,Leather_45|Leather_79|Leather_148,True,True,0.975044,0.31544
"dinov2_vits14 + augmentation prototypes, N=30",42,my_dataset_test_filtered\Leather_46\1750473772180.jpg,Leather_46,brightness,mild,0,Leather_46,Leather_46|Leather_32|Leather_77,True,True,0.74984,0.160603
"dinov2_vits14 + augmentation prototypes, N=30",42,my_dataset_test_filtered\Leather_46\1750473772180.jpg,Leather_46,contrast,mild,0,Leather_46,Leather_46|Leather_32|Leather_77,True,True,0.749253,0.157096
"dinov2_vits14 + augmentation prototypes, N=30",42,my_dataset_test_filtered\Leather_46\1750473772180.jpg,Leather_46,color_jitter,mild,0,Leather_46,Leather_46|Leather_77|Leather_32,True,True,0.771264,0.163439
"dinov2_vits14 + augmentation prototypes, N=30",42,my_dataset_test_filtered\Leather_46\1750473772180.jpg,Leather_46,gaussian_blur,mild,0,Leather_46,Leather_46|Leather_32|Leather_77,True,True,0.739341,0.157084
"dinov2_vits14 + augmentation prototypes, N=30",42,my_dataset_test_filtered\Leather_46\1750473772180.jpg,Leather_46,gaussian_noise,mild,0,Leather_46,Leather_46|Leather_77|Leather_32,True,True,0.754561,0.159116
"dinov2_vits14 + augmentation prototypes, N=30",42,my_dataset_test_filtered\Leather_46\1750473772180.jpg,Leather_46,jpeg_compression,mild,0,Leather_46,Leather_46|Leather_77|Leather_32,True,True,0.760771,0.16784
"dinov2_vits14 + augmentation prototypes, N=30",42,my_dataset_test_filtered\Leather_46\1750473772180.jpg,Leather_46,rotation,mild,0,Leather_46,Leather_46|Leather_77|Leather_80,True,True,0.715634,0.152338
"dinov2_vits14 + augmentation prototypes, N=30",42,my_dataset_test_filtered\Leather_46\1750473772180.jpg,Leather_46,crop_scale,mild,0,Leather_46,Leather_46|Leather_77|Leather_80,True,True,0.748963,0.138157
"dinov2_vits14 + augmentation prototypes, N=30",42,my_dataset_test_filtered\Leather_47\1750473860065.jpg,Leather_47,brightness,mild,0,Leather_47,Leather_47|Leather_120|Leather_150,True,True,0.761058,0.100442
"dinov2_vits14 + augmentation prototypes, N=30",42,my_dataset_test_filtered\Leather_47\1750473860065.jpg,Leather_47,contrast,mild,0,Leather_47,Leather_47|Leather_120|Leather_150,True,True,0.764386,0.10455
"dinov2_vits14 + augmentation prototypes, N=30",42,my_dataset_test_filtered\Leather_47\1750473860065.jpg,Leather_47,color_jitter,mild,0,Leather_47,Leather_47|Leather_120|Leather_150,True,True,0.752744,0.094404
"dinov2_vits14 + augmentation prototypes, N=30",42,my_dataset_test_filtered\Leather_47\1750473860065.jpg,Leather_47,gaussian_blur,mild,0,Leather_47,Leather_47|Leather_120|Leather_150,True,True,0.753403,0.097819
"dinov2_vits14 + augmentation prototypes, N=30",42,my_dataset_test_filtered\Leather_47\1750473860065.jpg,Leather_47,gaussian_noise,mild,0,Leather_47,Leather_47|Leather_120|Leather_150,True,True,0.763998,0.102798
"dinov2_vits14 + augmentation prototypes, N=30",42,my_dataset_test_filtered\Leather_47\1750473860065.jpg,Leather_47,jpeg_compression,mild,0,Leather_47,Leather_47|Leather_120|Leather_150,True,True,0.748821,0.093243
"dinov2_vits14 + augmentation prototypes, N=30",42,my_dataset_test_filtered\Leather_47\1750473860065.jpg,Leather_47,rotation,mild,0,Leather_47,Leather_47|Leather_120|Leather_150,True,True,0.716521,0.103018
"dinov2_vits14 + augmentation prototypes, N=30",42,my_dataset_test_filtered\Leather_47\1750473860065.jpg,Leather_47,crop_scale,mild,0,Leather_47,Leather_47|Leather_120|Leather_150,True,True,0.762965,0.13622
"dinov2_vits14 + augmentation prototypes, N=30",42,my_dataset_test_filtered\Leather_48\1750473923200.jpg,Leather_48,brightness,mild,0,Leather_37,Leather_37|Leather_48|Leather_30,False,True,0.634219,0.041732
"dinov2_vits14 + augmentation prototypes, N=30",42,my_dataset_test_filtered\Leather_48\1750473923200.jpg,Leather_48,contrast,mild,0,Leather_37,Leather_37|Leather_48|Leather_30,False,True,0.634855,0.04832
"dinov2_vits14 + augmentation prototypes, N=30",42,my_dataset_test_filtered\Leather_48\1750473923200.jpg,Leather_48,color_jitter,mild,0,Leather_37,Leather_37|Leather_48|Leather_30,False,True,0.625914,0.047179
"dinov2_vits14 + augmentation prototypes, N=30",42,my_dataset_test_filtered\Leather_48\1750473923200.jpg,Leather_48,gaussian_blur,mild,0,Leather_37,Leather_37|Leather_48|Leather_30,False,True,0.631093,0.046837
"dinov2_vits14 + augmentation prototypes, N=30",42,my_dataset_test_filtered\Leather_48\1750473923200.jpg,Leather_48,gaussian_noise,mild,0,Leather_37,Leather_37|Leather_48|Leather_30,False,True,0.642495,0.046136
"dinov2_vits14 + augmentation prototypes, N=30",42,my_dataset_test_filtered\Leather_48\1750473923200.jpg,Leather_48,jpeg_compression,mild,0,Leather_37,Leather_37|Leather_48|Leather_30,False,True,0.639279,0.049762
"dinov2_vits14 + augmentation prototypes, N=30",42,my_dataset_test_filtered\Leather_48\1750473923200.jpg,Leather_48,rotation,mild,0,Leather_37,Leather_37|Leather_48|Leather_30,False,True,0.655634,0.001293
"dinov2_vits14 + augmentation prototypes, N=30",42,my_dataset_test_filtered\Leather_48\1750473923200.jpg,Leather_48,crop_scale,mild,0,Leather_48,Leather_48|Leather_37|Leather_30,True,True,0.675672,0.020646
"dinov2_vits14 + augmentation prototypes, N=30",42,my_dataset_test_filtered\Leather_49\1750474047268.jpg,Leather_49,brightness,mild,0,Leather_49,Leather_49|Leather_87|Leather_110,True,True,0.757823,0.053273
"dinov2_vits14 + augmentation prototypes, N=30",42,my_dataset_test_filtered\Leather_49\1750474047268.jpg,Leather_49,contrast,mild,0,Leather_49,Leather_49|Leather_87|Leather_110,True,True,0.749514,0.041848
"dinov2_vits14 + augmentation prototypes, N=30",42,my_dataset_test_filtered\Leather_49\1750474047268.jpg,Leather_49,color_jitter,mild,0,Leather_49,Leather_49|Leather_87|Leather_110,True,True,0.757031,0.048714
"dinov2_vits14 + augmentation prototypes, N=30",42,my_dataset_test_filtered\Leather_49\1750474047268.jpg,Leather_49,gaussian_blur,mild,0,Leather_49,Leather_49|Leather_87|Leather_110,True,True,0.74634,0.035514
"dinov2_vits14 + augmentation prototypes, N=30",42,my_dataset_test_filtered\Leather_49\1750474047268.jpg,Leather_49,gaussian_noise,mild,0,Leather_49,Leather_49|Leather_87|Leather_110,True,True,0.758105,0.057334
"dinov2_vits14 + augmentation prototypes, N=30",42,my_dataset_test_filtered\Leather_49\1750474047268.jpg,Leather_49,jpeg_compression,mild,0,Leather_49,Leather_49|Leather_87|Leather_110,True,True,0.742866,0.040783
"dinov2_vits14 + augmentation prototypes, N=30",42,my_dataset_test_filtered\Leather_49\1750474047268.jpg,Leather_49,rotation,mild,0,Leather_49,Leather_49|Leather_87|Leather_110,True,True,0.77365,0.038902
"dinov2_vits14 + augmentation prototypes, N=30",42,my_dataset_test_filtered\Leather_49\1750474047268.jpg,Leather_49,crop_scale,mild,0,Leather_49,Leather_49|Leather_87|Leather_121,True,True,0.762241,0.053171
"dinov2_vits14 + augmentation prototypes, N=30",42,my_dataset_test_filtered\Leather_50\1750474161918.jpg,Leather_50,brightness,mild,0,Leather_50,Leather_50|Leather_141|Leather_133,True,True,0.719081,0.08539
"dinov2_vits14 + augmentation prototypes, N=30",42,my_dataset_test_filtered\Leather_50\1750474161918.jpg,Leather_50,contrast,mild,0,Leather_50,Leather_50|Leather_141|Leather_133,True,True,0.712209,0.086829
"dinov2_vits14 + augmentation prototypes, N=30",42,my_dataset_test_filtered\Leather_50\1750474161918.jpg,Leather_50,color_jitter,mild,0,Leather_50,Leather_50|Leather_141|Leather_133,True,True,0.726269,0.094445
"dinov2_vits14 + augmentation prototypes, N=30",42,my_dataset_test_filtered\Leather_50\1750474161918.jpg,Leather_50,gaussian_blur,mild,0,Leather_50,Leather_50|Leather_141|Leather_133,True,True,0.711001,0.085724
"dinov2_vits14 + augmentation prototypes, N=30",42,my_dataset_test_filtered\Leather_50\1750474161918.jpg,Leather_50,gaussian_noise,mild,0,Leather_50,Leather_50|Leather_141|Leather_133,True,True,0.718235,0.089704
"dinov2_vits14 + augmentation prototypes, N=30",42,my_dataset_test_filtered\Leather_50\1750474161918.jpg,Leather_50,jpeg_compression,mild,0,Leather_50,Leather_50|Leather_141|Leather_133,True,True,0.719491,0.094135
"dinov2_vits14 + augmentation prototypes, N=30",42,my_dataset_test_filtered\Leather_50\1750474161918.jpg,Leather_50,rotation,mild,0,Leather_50,Leather_50|Leather_141|Leather_133,True,True,0.729605,0.107172
"dinov2_vits14 + augmentation prototypes, N=30",42,my_dataset_test_filtered\Leather_50\1750474161918.jpg,Leather_50,crop_scale,mild,0,Leather_50,Leather_50|Leather_141|Leather_133,True,True,0.800042,0.149834
"dinov2_vits14 + augmentation prototypes, N=30",42,my_dataset_test_filtered\Leather_51\1750474255738.jpg,Leather_51,brightness,mild,0,Leather_51,Leather_51|Leather_138|Leather_71,True,True,0.952702,0.339986
"dinov2_vits14 + augmentation prototypes, N=30",42,my_dataset_test_filtered\Leather_51\1750474255738.jpg,Leather_51,contrast,mild,0,Leather_51,Leather_51|Leather_138|Leather_71,True,True,0.94721,0.329864
"dinov2_vits14 + augmentation prototypes, N=30",42,my_dataset_test_filtered\Leather_51\1750474255738.jpg,Leather_51,color_jitter,mild,0,Leather_51,Leather_51|Leather_138|Leather_71,True,True,0.945612,0.350525
"dinov2_vits14 + augmentation prototypes, N=30",42,my_dataset_test_filtered\Leather_51\1750474255738.jpg,Leather_51,gaussian_blur,mild,0,Leather_51,Leather_51|Leather_138|Leather_71,True,True,0.951297,0.335429
"dinov2_vits14 + augmentation prototypes, N=30",42,my_dataset_test_filtered\Leather_51\1750474255738.jpg,Leather_51,gaussian_noise,mild,0,Leather_51,Leather_51|Leather_138|Leather_71,True,True,0.954277,0.345878
"dinov2_vits14 + augmentation prototypes, N=30",42,my_dataset_test_filtered\Leather_51\1750474255738.jpg,Leather_51,jpeg_compression,mild,0,Leather_51,Leather_51|Leather_138|Leather_71,True,True,0.954113,0.345057
"dinov2_vits14 + augmentation prototypes, N=30",42,my_dataset_test_filtered\Leather_51\1750474255738.jpg,Leather_51,rotation,mild,0,Leather_51,Leather_51|Leather_71|Leather_138,True,True,0.921237,0.287106
"dinov2_vits14 + augmentation prototypes, N=30",42,my_dataset_test_filtered\Leather_51\1750474255738.jpg,Leather_51,crop_scale,mild,0,Leather_51,Leather_51|Leather_138|Leather_43,True,True,0.964474,0.354262
"dinov2_vits14 + augmentation prototypes, N=30",42,my_dataset_test_filtered\Leather_52\1750474303814.jpg,Leather_52,brightness,mild,0,Leather_52,Leather_52|Leather_20|Leather_21,True,True,0.768842,0.136659
"dinov2_vits14 + augmentation prototypes, N=30",42,my_dataset_test_filtered\Leather_52\1750474303814.jpg,Leather_52,contrast,mild,0,Leather_52,Leather_52|Leather_20|Leather_21,True,True,0.762289,0.127907
"dinov2_vits14 + augmentation prototypes, N=30",42,my_dataset_test_filtered\Leather_52\1750474303814.jpg,Leather_52,color_jitter,mild,0,Leather_52,Leather_52|Leather_20|Leather_21,True,True,0.779969,0.15596
"dinov2_vits14 + augmentation prototypes, N=30",42,my_dataset_test_filtered\Leather_52\1750474303814.jpg,Leather_52,gaussian_blur,mild,0,Leather_52,Leather_52|Leather_20|Leather_21,True,True,0.773223,0.13836
"dinov2_vits14 + augmentation prototypes, N=30",42,my_dataset_test_filtered\Leather_52\1750474303814.jpg,Leather_52,gaussian_noise,mild,0,Leather_52,Leather_52|Leather_20|Leather_21,True,True,0.77459,0.142051
"dinov2_vits14 + augmentation prototypes, N=30",42,my_dataset_test_filtered\Leather_52\1750474303814.jpg,Leather_52,jpeg_compression,mild,0,Leather_52,Leather_52|Leather_20|Leather_21,True,True,0.767716,0.138989
"dinov2_vits14 + augmentation prototypes, N=30",42,my_dataset_test_filtered\Leather_52\1750474303814.jpg,Leather_52,rotation,mild,0,Leather_52,Leather_52|Leather_21|Leather_20,True,True,0.83992,0.196985
"dinov2_vits14 + augmentation prototypes, N=30",42,my_dataset_test_filtered\Leather_52\1750474303814.jpg,Leather_52,crop_scale,mild,0,Leather_52,Leather_52|Leather_20|Leather_21,True,True,0.910659,0.281283
"dinov2_vits14 + augmentation prototypes, N=30",42,my_dataset_test_filtered\Leather_53\1750474407644.jpg,Leather_53,brightness,mild,0,Leather_53,Leather_53|Leather_78|Leather_123,True,True,0.82071,0.1133
"dinov2_vits14 + augmentation prototypes, N=30",42,my_dataset_test_filtered\Leather_53\1750474407644.jpg,Leather_53,contrast,mild,0,Leather_53,Leather_53|Leather_78|Leather_123,True,True,0.820764,0.113441
"dinov2_vits14 + augmentation prototypes, N=30",42,my_dataset_test_filtered\Leather_53\1750474407644.jpg,Leather_53,color_jitter,mild,0,Leather_53,Leather_53|Leather_78|Leather_123,True,True,0.82384,0.109647
"dinov2_vits14 + augmentation prototypes, N=30",42,my_dataset_test_filtered\Leather_53\1750474407644.jpg,Leather_53,gaussian_blur,mild,0,Leather_53,Leather_53|Leather_78|Leather_123,True,True,0.821271,0.115466
"dinov2_vits14 + augmentation prototypes, N=30",42,my_dataset_test_filtered\Leather_53\1750474407644.jpg,Leather_53,gaussian_noise,mild,0,Leather_53,Leather_53|Leather_78|Leather_123,True,True,0.824618,0.113501
"dinov2_vits14 + augmentation prototypes, N=30",42,my_dataset_test_filtered\Leather_53\1750474407644.jpg,Leather_53,jpeg_compression,mild,0,Leather_53,Leather_53|Leather_78|Leather_123,True,True,0.822066,0.112496
"dinov2_vits14 + augmentation prototypes, N=30",42,my_dataset_test_filtered\Leather_53\1750474407644.jpg,Leather_53,rotation,mild,0,Leather_53,Leather_53|Leather_78|Leather_68,True,True,0.815715,0.104295
"dinov2_vits14 + augmentation prototypes, N=30",42,my_dataset_test_filtered\Leather_53\1750474407644.jpg,Leather_53,crop_scale,mild,0,Leather_53,Leather_53|Leather_123|Leather_78,True,True,0.793359,0.126788
"dinov2_vits14 + augmentation prototypes, N=30",42,my_dataset_test_filtered\Leather_54\1750474620078.jpg,Leather_54,brightness,mild,0,Leather_54,Leather_54|Leather_142|Leather_120,True,True,0.574184,0.035082
"dinov2_vits14 + augmentation prototypes, N=30",42,my_dataset_test_filtered\Leather_54\1750474620078.jpg,Leather_54,contrast,mild,0,Leather_54,Leather_54|Leather_142|Leather_120,True,True,0.571722,0.033645
"dinov2_vits14 + augmentation prototypes, N=30",42,my_dataset_test_filtered\Leather_54\1750474620078.jpg,Leather_54,color_jitter,mild,0,Leather_54,Leather_54|Leather_142|Leather_120,True,True,0.587746,0.052711
"dinov2_vits14 + augmentation prototypes, N=30",42,my_dataset_test_filtered\Leather_54\1750474620078.jpg,Leather_54,gaussian_blur,mild,0,Leather_54,Leather_54|Leather_142|Leather_120,True,True,0.579988,0.039937
"dinov2_vits14 + augmentation prototypes, N=30",42,my_dataset_test_filtered\Leather_54\1750474620078.jpg,Leather_54,gaussian_noise,mild,0,Leather_54,Leather_54|Leather_142|Leather_120,True,True,0.576173,0.038532
"dinov2_vits14 + augmentation prototypes, N=30",42,my_dataset_test_filtered\Leather_54\1750474620078.jpg,Leather_54,jpeg_compression,mild,0,Leather_54,Leather_54|Leather_142|Leather_120,True,True,0.576669,0.040112
"dinov2_vits14 + augmentation prototypes, N=30",42,my_dataset_test_filtered\Leather_54\1750474620078.jpg,Leather_54,rotation,mild,0,Leather_54,Leather_54|Leather_142|Leather_36,True,True,0.618286,0.109495
"dinov2_vits14 + augmentation prototypes, N=30",42,my_dataset_test_filtered\Leather_54\1750474620078.jpg,Leather_54,crop_scale,mild,0,Leather_54,Leather_54|Leather_142|Leather_36,True,True,0.628443,0.112684
"dinov2_vits14 + augmentation prototypes, N=30",42,my_dataset_test_filtered\Leather_55\1750474881487.jpg,Leather_55,brightness,mild,0,Leather_55,Leather_55|Leather_37|Leather_85,True,True,0.597425,0.010383
"dinov2_vits14 + augmentation prototypes, N=30",42,my_dataset_test_filtered\Leather_55\1750474881487.jpg,Leather_55,contrast,mild,0,Leather_55,Leather_55|Leather_37|Leather_85,True,True,0.593914,0.000321
"dinov2_vits14 + augmentation prototypes, N=30",42,my_dataset_test_filtered\Leather_55\1750474881487.jpg,Leather_55,color_jitter,mild,0,Leather_55,Leather_55|Leather_37|Leather_85,True,True,0.594923,0.014854
"dinov2_vits14 + augmentation prototypes, N=30",42,my_dataset_test_filtered\Leather_55\1750474881487.jpg,Leather_55,gaussian_blur,mild,0,Leather_55,Leather_55|Leather_37|Leather_85,True,True,0.596087,0.009223
"dinov2_vits14 + augmentation prototypes, N=30",42,my_dataset_test_filtered\Leather_55\1750474881487.jpg,Leather_55,gaussian_noise,mild,0,Leather_55,Leather_55|Leather_37|Leather_85,True,True,0.6097,0.008642
"dinov2_vits14 + augmentation prototypes, N=30",42,my_dataset_test_filtered\Leather_55\1750474881487.jpg,Leather_55,jpeg_compression,mild,0,Leather_37,Leather_37|Leather_55|Leather_85,False,True,0.597004,0.000131
"dinov2_vits14 + augmentation prototypes, N=30",42,my_dataset_test_filtered\Leather_55\1750474881487.jpg,Leather_55,rotation,mild,0,Leather_55,Leather_55|Leather_37|Leather_85,True,True,0.587822,0.015719
"dinov2_vits14 + augmentation prototypes, N=30",42,my_dataset_test_filtered\Leather_55\1750474881487.jpg,Leather_55,crop_scale,mild,0,Leather_55,Leather_55|Leather_85|Leather_37,True,True,0.596636,0.008889
"dinov2_vits14 + augmentation prototypes, N=30",42,my_dataset_test_filtered\Leather_56\1750475017234.jpg,Leather_56,brightness,mild,0,Leather_56,Leather_56|Leather_145|Leather_58,True,True,0.939751,0.176735
"dinov2_vits14 + augmentation prototypes, N=30",42,my_dataset_test_filtered\Leather_56\1750475017234.jpg,Leather_56,contrast,mild,0,Leather_56,Leather_56|Leather_123|Leather_58,True,True,0.935974,0.189401
"dinov2_vits14 + augmentation prototypes, N=30",42,my_dataset_test_filtered\Leather_56\1750475017234.jpg,Leather_56,color_jitter,mild,0,Leather_56,Leather_56|Leather_58|Leather_145,True,True,0.942349,0.168597
"dinov2_vits14 + augmentation prototypes, N=30",42,my_dataset_test_filtered\Leather_56\1750475017234.jpg,Leather_56,gaussian_blur,mild,0,Leather_56,Leather_56|Leather_145|Leather_58,True,True,0.939212,0.171931
"dinov2_vits14 + augmentation prototypes, N=30",42,my_dataset_test_filtered\Leather_56\1750475017234.jpg,Leather_56,gaussian_noise,mild,0,Leather_56,Leather_56|Leather_145|Leather_58,True,True,0.943761,0.164906
"dinov2_vits14 + augmentation prototypes, N=30",42,my_dataset_test_filtered\Leather_56\1750475017234.jpg,Leather_56,jpeg_compression,mild,0,Leather_56,Leather_56|Leather_58|Leather_145,True,True,0.946281,0.175214
"dinov2_vits14 + augmentation prototypes, N=30",42,my_dataset_test_filtered\Leather_56\1750475017234.jpg,Leather_56,rotation,mild,0,Leather_56,Leather_56|Leather_145|Leather_58,True,True,0.936499,0.160859
"dinov2_vits14 + augmentation prototypes, N=30",42,my_dataset_test_filtered\Leather_56\1750475017234.jpg,Leather_56,crop_scale,mild,0,Leather_56,Leather_56|Leather_123|Leather_145,True,True,0.949665,0.179439
"dinov2_vits14 + augmentation prototypes, N=30",42,my_dataset_test_filtered\Leather_57\1750475119001.jpg,Leather_57,brightness,mild,0,Leather_57,Leather_57|Leather_84|Leather_69,True,True,0.851995,0.066636
"dinov2_vits14 + augmentation prototypes, N=30",42,my_dataset_test_filtered\Leather_57\1750475119001.jpg,Leather_57,contrast,mild,0,Leather_57,Leather_57|Leather_84|Leather_81,True,True,0.863792,0.081701
"dinov2_vits14 + augmentation prototypes, N=30",42,my_dataset_test_filtered\Leather_57\1750475119001.jpg,Leather_57,color_jitter,mild,0,Leather_57,Leather_57|Leather_84|Leather_69,True,True,0.857145,0.068496
"dinov2_vits14 + augmentation prototypes, N=30",42,my_dataset_test_filtered\Leather_57\1750475119001.jpg,Leather_57,gaussian_blur,mild,0,Leather_57,Leather_57|Leather_84|Leather_69,True,True,0.85494,0.069084
"dinov2_vits14 + augmentation prototypes, N=30",42,my_dataset_test_filtered\Leather_57\1750475119001.jpg,Leather_57,gaussian_noise,mild,0,Leather_57,Leather_57|Leather_84|Leather_69,True,True,0.841288,0.046513
"dinov2_vits14 + augmentation prototypes, N=30",42,my_dataset_test_filtered\Leather_57\1750475119001.jpg,Leather_57,jpeg_compression,mild,0,Leather_57,Leather_57|Leather_84|Leather_69,True,True,0.854504,0.06346
"dinov2_vits14 + augmentation prototypes, N=30",42,my_dataset_test_filtered\Leather_57\1750475119001.jpg,Leather_57,rotation,mild,0,Leather_57,Leather_57|Leather_84|Leather_81,True,True,0.93822,0.142115
"dinov2_vits14 + augmentation prototypes, N=30",42,my_dataset_test_filtered\Leather_57\1750475119001.jpg,Leather_57,crop_scale,mild,0,Leather_57,Leather_57|Leather_84|Leather_81,True,True,0.940126,0.15117
"dinov2_vits14 + augmentation prototypes, N=30",42,my_dataset_test_filtered\Leather_58\1750475225344.jpg,Leather_58,brightness,mild,0,Leather_58,Leather_58|Leather_56|Leather_145,True,True,0.807424,0.016543
"dinov2_vits14 + augmentation prototypes, N=30",42,my_dataset_test_filtered\Leather_58\1750475225344.jpg,Leather_58,contrast,mild,0,Leather_56,Leather_56|Leather_58|Leather_145,False,True,0.795119,0.002857
"dinov2_vits14 + augmentation prototypes, N=30",42,my_dataset_test_filtered\Leather_58\1750475225344.jpg,Leather_58,color_jitter,mild,0,Leather_58,Leather_58|Leather_56|Leather_145,True,True,0.798015,0.002853
"dinov2_vits14 + augmentation prototypes, N=30",42,my_dataset_test_filtered\Leather_58\1750475225344.jpg,Leather_58,gaussian_blur,mild,0,Leather_58,Leather_58|Leather_56|Leather_145,True,True,0.786567,0.006136
"dinov2_vits14 + augmentation prototypes, N=30",42,my_dataset_test_filtered\Leather_58\1750475225344.jpg,Leather_58,gaussian_noise,mild,0,Leather_58,Leather_58|Leather_56|Leather_145,True,True,0.792452,0.009245
"dinov2_vits14 + augmentation prototypes, N=30",42,my_dataset_test_filtered\Leather_58\1750475225344.jpg,Leather_58,jpeg_compression,mild,0,Leather_58,Leather_58|Leather_56|Leather_145,True,True,0.801576,0.012842
"dinov2_vits14 + augmentation prototypes, N=30",42,my_dataset_test_filtered\Leather_58\1750475225344.jpg,Leather_58,rotation,mild,0,Leather_56,Leather_56|Leather_58|Leather_31,False,True,0.684603,0.010488
"dinov2_vits14 + augmentation prototypes, N=30",42,my_dataset_test_filtered\Leather_58\1750475225344.jpg,Leather_58,crop_scale,mild,0,Leather_58,Leather_58|Leather_31|Leather_32,True,True,0.655678,0.013093
"dinov2_vits14 + augmentation prototypes, N=30",42,my_dataset_test_filtered\Leather_59\1750483475336.jpg,Leather_59,brightness,mild,0,Leather_59,Leather_59|Leather_43|Leather_144,True,True,0.912047,0.207176
"dinov2_vits14 + augmentation prototypes, N=30",42,my_dataset_test_filtered\Leather_59\1750483475336.jpg,Leather_59,contrast,mild,0,Leather_59,Leather_59|Leather_144|Leather_43,True,True,0.907749,0.202254
"dinov2_vits14 + augmentation prototypes, N=30",42,my_dataset_test_filtered\Leather_59\1750483475336.jpg,Leather_59,color_jitter,mild,0,Leather_59,Leather_59|Leather_43|Leather_144,True,True,0.920452,0.208437
"dinov2_vits14 + augmentation prototypes, N=30",42,my_dataset_test_filtered\Leather_59\1750483475336.jpg,Leather_59,gaussian_blur,mild,0,Leather_59,Leather_59|Leather_43|Leather_144,True,True,0.918813,0.2085
"dinov2_vits14 + augmentation prototypes, N=30",42,my_dataset_test_filtered\Leather_59\1750483475336.jpg,Leather_59,gaussian_noise,mild,0,Leather_59,Leather_59|Leather_43|Leather_144,True,True,0.920039,0.206207
"dinov2_vits14 + augmentation prototypes, N=30",42,my_dataset_test_filtered\Leather_59\1750483475336.jpg,Leather_59,jpeg_compression,mild,0,Leather_59,Leather_59|Leather_43|Leather_144,True,True,0.920376,0.207049
"dinov2_vits14 + augmentation prototypes, N=30",42,my_dataset_test_filtered\Leather_59\1750483475336.jpg,Leather_59,rotation,mild,0,Leather_59,Leather_59|Leather_120|Leather_150,True,True,0.890982,0.165084
"dinov2_vits14 + augmentation prototypes, N=30",42,my_dataset_test_filtered\Leather_59\1750483475336.jpg,Leather_59,crop_scale,mild,0,Leather_59,Leather_59|Leather_43|Leather_144,True,True,0.966039,0.220138
"dinov2_vits14 + augmentation prototypes, N=30",42,my_dataset_test_filtered\Leather_60\1750483929819.jpg,Leather_60,brightness,mild,0,Leather_60,Leather_60|Leather_76|Leather_58,True,True,0.957627,0.115255
"dinov2_vits14 + augmentation prototypes, N=30",42,my_dataset_test_filtered\Leather_60\1750483929819.jpg,Leather_60,contrast,mild,0,Leather_60,Leather_60|Leather_76|Leather_58,True,True,0.956237,0.104297
"dinov2_vits14 + augmentation prototypes, N=30",42,my_dataset_test_filtered\Leather_60\1750483929819.jpg,Leather_60,color_jitter,mild,0,Leather_60,Leather_60|Leather_76|Leather_58,True,True,0.958416,0.112302
"dinov2_vits14 + augmentation prototypes, N=30",42,my_dataset_test_filtered\Leather_60\1750483929819.jpg,Leather_60,gaussian_blur,mild,0,Leather_60,Leather_60|Leather_76|Leather_58,True,True,0.953787,0.120137
"dinov2_vits14 + augmentation prototypes, N=30",42,my_dataset_test_filtered\Leather_60\1750483929819.jpg,Leather_60,gaussian_noise,mild,0,Leather_60,Leather_60|Leather_76|Leather_58,True,True,0.961456,0.115807
"dinov2_vits14 + augmentation prototypes, N=30",42,my_dataset_test_filtered\Leather_60\1750483929819.jpg,Leather_60,jpeg_compression,mild,0,Leather_60,Leather_60|Leather_76|Leather_58,True,True,0.95627,0.112942
"dinov2_vits14 + augmentation prototypes, N=30",42,my_dataset_test_filtered\Leather_60\1750483929819.jpg,Leather_60,rotation,mild,0,Leather_60,Leather_60|Leather_76|Leather_58,True,True,0.956039,0.138669
"dinov2_vits14 + augmentation prototypes, N=30",42,my_dataset_test_filtered\Leather_60\1750483929819.jpg,Leather_60,crop_scale,mild,0,Leather_60,Leather_60|Leather_76|Leather_58,True,True,0.971811,0.093215
"dinov2_vits14 + augmentation prototypes, N=30",42,my_dataset_test_filtered\Leather_61\1750484033251.jpg,Leather_61,brightness,mild,0,Leather_61,Leather_61|Leather_78|Leather_84,True,True,0.752614,0.059598
"dinov2_vits14 + augmentation prototypes, N=30",42,my_dataset_test_filtered\Leather_61\1750484033251.jpg,Leather_61,contrast,mild,0,Leather_61,Leather_61|Leather_78|Leather_84,True,True,0.769518,0.076751
"dinov2_vits14 + augmentation prototypes, N=30",42,my_dataset_test_filtered\Leather_61\1750484033251.jpg,Leather_61,color_jitter,mild,0,Leather_61,Leather_61|Leather_78|Leather_84,True,True,0.762544,0.059622
"dinov2_vits14 + augmentation prototypes, N=30",42,my_dataset_test_filtered\Leather_61\1750484033251.jpg,Leather_61,gaussian_blur,mild,0,Leather_61,Leather_61|Leather_78|Leather_84,True,True,0.761421,0.072227
"dinov2_vits14 + augmentation prototypes, N=30",42,my_dataset_test_filtered\Leather_61\1750484033251.jpg,Leather_61,gaussian_noise,mild,0,Leather_61,Leather_61|Leather_78|Leather_84,True,True,0.748863,0.052048
"dinov2_vits14 + augmentation prototypes, N=30",42,my_dataset_test_filtered\Leather_61\1750484033251.jpg,Leather_61,jpeg_compression,mild,0,Leather_61,Leather_61|Leather_78|Leather_67,True,True,0.752423,0.055269
"dinov2_vits14 + augmentation prototypes, N=30",42,my_dataset_test_filtered\Leather_61\1750484033251.jpg,Leather_61,rotation,mild,0,Leather_67,Leather_67|Leather_199|Leather_195,False,False,0.621979,0.008128
"dinov2_vits14 + augmentation prototypes, N=30",42,my_dataset_test_filtered\Leather_61\1750484033251.jpg,Leather_61,crop_scale,mild,0,Leather_61,Leather_61|Leather_78|Leather_53,True,True,0.953434,0.131974
"dinov2_vits14 + augmentation prototypes, N=30",42,my_dataset_test_filtered\Leather_62\1750484107750.jpg,Leather_62,brightness,mild,0,Leather_62,Leather_62|Leather_48|Leather_45,True,True,0.972419,0.45779
"dinov2_vits14 + augmentation prototypes, N=30",42,my_dataset_test_filtered\Leather_62\1750484107750.jpg,Leather_62,contrast,mild,0,Leather_62,Leather_62|Leather_48|Leather_45,True,True,0.972181,0.457127
"dinov2_vits14 + augmentation prototypes, N=30",42,my_dataset_test_filtered\Leather_62\1750484107750.jpg,Leather_62,color_jitter,mild,0,Leather_62,Leather_62|Leather_48|Leather_45,True,True,0.967302,0.461944
"dinov2_vits14 + augmentation prototypes, N=30",42,my_dataset_test_filtered\Leather_62\1750484107750.jpg,Leather_62,gaussian_blur,mild,0,Leather_62,Leather_62|Leather_48|Leather_45,True,True,0.966698,0.46219
"dinov2_vits14 + augmentation prototypes, N=30",42,my_dataset_test_filtered\Leather_62\1750484107750.jpg,Leather_62,gaussian_noise,mild,0,Leather_62,Leather_62|Leather_48|Leather_45,True,True,0.969584,0.463026
"dinov2_vits14 + augmentation prototypes, N=30",42,my_dataset_test_filtered\Leather_62\1750484107750.jpg,Leather_62,jpeg_compression,mild,0,Leather_62,Leather_62|Leather_48|Leather_45,True,True,0.969158,0.461386
"dinov2_vits14 + augmentation prototypes, N=30",42,my_dataset_test_filtered\Leather_62\1750484107750.jpg,Leather_62,rotation,mild,0,Leather_62,Leather_62|Leather_48|Leather_45,True,True,0.865023,0.407899
"dinov2_vits14 + augmentation prototypes, N=30",42,my_dataset_test_filtered\Leather_62\1750484107750.jpg,Leather_62,crop_scale,mild,0,Leather_62,Leather_62|Leather_48|Leather_45,True,True,0.979386,0.476024
"dinov2_vits14 + augmentation prototypes, N=30",42,my_dataset_test_filtered\Leather_63\1750484158981.jpg,Leather_63,brightness,mild,0,Leather_63,Leather_63|Leather_120|Leather_47,True,True,0.928058,0.417733
"dinov2_vits14 + augmentation prototypes, N=30",42,my_dataset_test_filtered\Leather_63\1750484158981.jpg,Leather_63,contrast,mild,0,Leather_63,Leather_63|Leather_120|Leather_47,True,True,0.912397,0.378008
"dinov2_vits14 + augmentation prototypes, N=30",42,my_dataset_test_filtered\Leather_63\1750484158981.jpg,Leather_63,color_jitter,mild,0,Leather_63,Leather_63|Leather_120|Leather_47,True,True,0.928296,0.407697
"dinov2_vits14 + augmentation prototypes, N=30",42,my_dataset_test_filtered\Leather_63\1750484158981.jpg,Leather_63,gaussian_blur,mild,0,Leather_63,Leather_63|Leather_47|Leather_120,True,True,0.93082,0.423548
"dinov2_vits14 + augmentation prototypes, N=30",42,my_dataset_test_filtered\Leather_63\1750484158981.jpg,Leather_63,gaussian_noise,mild,0,Leather_63,Leather_63|Leather_120|Leather_47,True,True,0.923645,0.410694
"dinov2_vits14 + augmentation prototypes, N=30",42,my_dataset_test_filtered\Leather_63\1750484158981.jpg,Leather_63,jpeg_compression,mild,0,Leather_63,Leather_63|Leather_120|Leather_47,True,True,0.932796,0.434695
"dinov2_vits14 + augmentation prototypes, N=30",42,my_dataset_test_filtered\Leather_63\1750484158981.jpg,Leather_63,rotation,mild,0,Leather_63,Leather_63|Leather_120|Leather_47,True,True,0.907519,0.383874
"dinov2_vits14 + augmentation prototypes, N=30",42,my_dataset_test_filtered\Leather_63\1750484158981.jpg,Leather_63,crop_scale,mild,0,Leather_63,Leather_63|Leather_120|Leather_47,True,True,0.934312,0.423224
"dinov2_vits14 + augmentation prototypes, N=30",42,my_dataset_test_filtered\Leather_64\1750485077151.jpg,Leather_64,brightness,mild,0,Leather_64,Leather_64|Leather_95|Leather_106,True,True,0.923337,0.216369
"dinov2_vits14 + augmentation prototypes, N=30",42,my_dataset_test_filtered\Leather_64\1750485077151.jpg,Leather_64,contrast,mild,0,Leather_64,Leather_64|Leather_106|Leather_88,True,True,0.923074,0.229008
"dinov2_vits14 + augmentation prototypes, N=30",42,my_dataset_test_filtered\Leather_64\1750485077151.jpg,Leather_64,color_jitter,mild,0,Leather_64,Leather_64|Leather_95|Leather_106,True,True,0.909678,0.197354
"dinov2_vits14 + augmentation prototypes, N=30",42,my_dataset_test_filtered\Leather_64\1750485077151.jpg,Leather_64,gaussian_blur,mild,0,Leather_64,Leather_64|Leather_95|Leather_88,True,True,0.91014,0.207629
"dinov2_vits14 + augmentation prototypes, N=30",42,my_dataset_test_filtered\Leather_64\1750485077151.jpg,Leather_64,gaussian_noise,mild,0,Leather_64,Leather_64|Leather_95|Leather_88,True,True,0.909778,0.195917
"dinov2_vits14 + augmentation prototypes, N=30",42,my_dataset_test_filtered\Leather_64\1750485077151.jpg,Leather_64,jpeg_compression,mild,0,Leather_64,Leather_64|Leather_95|Leather_106,True,True,0.917516,0.202525
"dinov2_vits14 + augmentation prototypes, N=30",42,my_dataset_test_filtered\Leather_64\1750485077151.jpg,Leather_64,rotation,mild,0,Leather_64,Leather_64|Leather_97|Leather_88,True,True,0.899925,0.215903
"dinov2_vits14 + augmentation prototypes, N=30",42,my_dataset_test_filtered\Leather_64\1750485077151.jpg,Leather_64,crop_scale,mild,0,Leather_64,Leather_64|Leather_106|Leather_95,True,True,0.949355,0.263217
"dinov2_vits14 + augmentation prototypes, N=30",42,my_dataset_test_filtered\Leather_65\1750485463475.jpg,Leather_65,brightness,mild,0,Leather_65,Leather_65|Leather_66|Leather_72,True,True,0.981391,0.07228
"dinov2_vits14 + augmentation prototypes, N=30",42,my_dataset_test_filtered\Leather_65\1750485463475.jpg,Leather_65,contrast,mild,0,Leather_65,Leather_65|Leather_66|Leather_138,True,True,0.982184,0.080658
"dinov2_vits14 + augmentation prototypes, N=30",42,my_dataset_test_filtered\Leather_65\1750485463475.jpg,Leather_65,color_jitter,mild,0,Leather_65,Leather_65|Leather_66|Leather_138,True,True,0.982539,0.072453
"dinov2_vits14 + augmentation prototypes, N=30",42,my_dataset_test_filtered\Leather_65\1750485463475.jpg,Leather_65,gaussian_blur,mild,0,Leather_65,Leather_65|Leather_66|Leather_72,True,True,0.981441,0.070753
"dinov2_vits14 + augmentation prototypes, N=30",42,my_dataset_test_filtered\Leather_65\1750485463475.jpg,Leather_65,gaussian_noise,mild,0,Leather_65,Leather_65|Leather_66|Leather_138,True,True,0.980635,0.07355
"dinov2_vits14 + augmentation prototypes, N=30",42,my_dataset_test_filtered\Leather_65\1750485463475.jpg,Leather_65,jpeg_compression,mild,0,Leather_65,Leather_65|Leather_66|Leather_72,True,True,0.980514,0.072825
"dinov2_vits14 + augmentation prototypes, N=30",42,my_dataset_test_filtered\Leather_65\1750485463475.jpg,Leather_65,rotation,mild,0,Leather_65,Leather_65|Leather_66|Leather_138,True,True,0.9682,0.091084
"dinov2_vits14 + augmentation prototypes, N=30",42,my_dataset_test_filtered\Leather_65\1750485463475.jpg,Leather_65,crop_scale,mild,0,Leather_65,Leather_65|Leather_66|Leather_138,True,True,0.966498,0.072277
"dinov2_vits14 + augmentation prototypes, N=30",42,my_dataset_test_filtered\Leather_66\1750485521883.jpg,Leather_66,brightness,mild,0,Leather_66,Leather_66|Leather_65|Leather_72,True,True,0.898077,0.133658
"dinov2_vits14 + augmentation prototypes, N=30",42,my_dataset_test_filtered\Leather_66\1750485521883.jpg,Leather_66,contrast,mild,0,Leather_66,Leather_66|Leather_65|Leather_72,True,True,0.888926,0.1323
"dinov2_vits14 + augmentation prototypes, N=30",42,my_dataset_test_filtered\Leather_66\1750485521883.jpg,Leather_66,color_jitter,mild,0,Leather_66,Leather_66|Leather_65|Leather_72,True,True,0.886735,0.134832
"dinov2_vits14 + augmentation prototypes, N=30",42,my_dataset_test_filtered\Leather_66\1750485521883.jpg,Leather_66,gaussian_blur,mild,0,Leather_66,Leather_66|Leather_65|Leather_72,True,True,0.904315,0.132078
"dinov2_vits14 + augmentation prototypes, N=30",42,my_dataset_test_filtered\Leather_66\1750485521883.jpg,Leather_66,gaussian_noise,mild,0,Leather_66,Leather_66|Leather_65|Leather_72,True,True,0.905097,0.135159
"dinov2_vits14 + augmentation prototypes, N=30",42,my_dataset_test_filtered\Leather_66\1750485521883.jpg,Leather_66,jpeg_compression,mild,0,Leather_66,Leather_66|Leather_65|Leather_72,True,True,0.901789,0.132868
"dinov2_vits14 + augmentation prototypes, N=30",42,my_dataset_test_filtered\Leather_66\1750485521883.jpg,Leather_66,rotation,mild,0,Leather_66,Leather_66|Leather_65|Leather_72,True,True,0.946449,0.12003
"dinov2_vits14 + augmentation prototypes, N=30",42,my_dataset_test_filtered\Leather_66\1750485521883.jpg,Leather_66,crop_scale,mild,0,Leather_66,Leather_66|Leather_65|Leather_72,True,True,0.949855,0.092321
"dinov2_vits14 + augmentation prototypes, N=30",42,my_dataset_test_filtered\Leather_67\1750485574828.jpg,Leather_67,brightness,mild,0,Leather_67,Leather_67|Leather_68|Leather_70,True,True,0.877696,0.05398
"dinov2_vits14 + augmentation prototypes, N=30",42,my_dataset_test_filtered\Leather_67\1750485574828.jpg,Leather_67,contrast,mild,0,Leather_67,Leather_67|Leather_68|Leather_70,True,True,0.88064,0.056124
"dinov2_vits14 + augmentation prototypes, N=30",42,my_dataset_test_filtered\Leather_67\1750485574828.jpg,Leather_67,color_jitter,mild,0,Leather_67,Leather_67|Leather_68|Leather_70,True,True,0.862451,0.039666
"dinov2_vits14 + augmentation prototypes, N=30",42,my_dataset_test_filtered\Leather_67\1750485574828.jpg,Leather_67,gaussian_blur,mild,0,Leather_67,Leather_67|Leather_68|Leather_70,True,True,0.881684,0.052392
"dinov2_vits14 + augmentation prototypes, N=30",42,my_dataset_test_filtered\Leather_67\1750485574828.jpg,Leather_67,gaussian_noise,mild,0,Leather_67,Leather_67|Leather_68|Leather_70,True,True,0.870662,0.042342
"dinov2_vits14 + augmentation prototypes, N=30",42,my_dataset_test_filtered\Leather_67\1750485574828.jpg,Leather_67,jpeg_compression,mild,0,Leather_67,Leather_67|Leather_68|Leather_70,True,True,0.870006,0.042069
"dinov2_vits14 + augmentation prototypes, N=30",42,my_dataset_test_filtered\Leather_67\1750485574828.jpg,Leather_67,rotation,mild,0,Leather_67,Leather_67|Leather_68|Leather_70,True,True,0.864259,0.05387
"dinov2_vits14 + augmentation prototypes, N=30",42,my_dataset_test_filtered\Leather_67\1750485574828.jpg,Leather_67,crop_scale,mild,0,Leather_67,Leather_67|Leather_68|Leather_70,True,True,0.91183,0.046313
"dinov2_vits14 + augmentation prototypes, N=30",42,my_dataset_test_filtered\Leather_68\1750485648416.jpg,Leather_68,brightness,mild,0,Leather_68,Leather_68|Leather_70|Leather_81,True,True,0.851265,0.059015
"dinov2_vits14 + augmentation prototypes, N=30",42,my_dataset_test_filtered\Leather_68\1750485648416.jpg,Leather_68,contrast,mild,0,Leather_68,Leather_68|Leather_70|Leather_81,True,True,0.84828,0.063123
"dinov2_vits14 + augmentation prototypes, N=30",42,my_dataset_test_filtered\Leather_68\1750485648416.jpg,Leather_68,color_jitter,mild,0,Leather_68,Leather_68|Leather_70|Leather_81,True,True,0.883226,0.060479
"dinov2_vits14 + augmentation prototypes, N=30",42,my_dataset_test_filtered\Leather_68\1750485648416.jpg,Leather_68,gaussian_blur,mild,0,Leather_68,Leather_68|Leather_70|Leather_81,True,True,0.866959,0.055552
"dinov2_vits14 + augmentation prototypes, N=30",42,my_dataset_test_filtered\Leather_68\1750485648416.jpg,Leather_68,gaussian_noise,mild,0,Leather_68,Leather_68|Leather_70|Leather_81,True,True,0.874376,0.062059
"dinov2_vits14 + augmentation prototypes, N=30",42,my_dataset_test_filtered\Leather_68\1750485648416.jpg,Leather_68,jpeg_compression,mild,0,Leather_68,Leather_68|Leather_70|Leather_81,True,True,0.869435,0.062044
"dinov2_vits14 + augmentation prototypes, N=30",42,my_dataset_test_filtered\Leather_68\1750485648416.jpg,Leather_68,rotation,mild,0,Leather_68,Leather_68|Leather_70|Leather_67,True,True,0.813038,0.020854
"dinov2_vits14 + augmentation prototypes, N=30",42,my_dataset_test_filtered\Leather_68\1750485648416.jpg,Leather_68,crop_scale,mild,0,Leather_68,Leather_68|Leather_70|Leather_81,True,True,0.940002,0.067008
"dinov2_vits14 + augmentation prototypes, N=30",42,my_dataset_test_filtered\Leather_69\1750485718340.jpg,Leather_69,brightness,mild,0,Leather_69,Leather_69|Leather_123|Leather_79,True,True,0.734146,0.078497
"dinov2_vits14 + augmentation prototypes, N=30",42,my_dataset_test_filtered\Leather_69\1750485718340.jpg,Leather_69,contrast,mild,0,Leather_69,Leather_69|Leather_123|Leather_70,True,True,0.731066,0.075325
"dinov2_vits14 + augmentation prototypes, N=30",42,my_dataset_test_filtered\Leather_69\1750485718340.jpg,Leather_69,color_jitter,mild,0,Leather_69,Leather_69|Leather_123|Leather_70,True,True,0.726902,0.065107
"dinov2_vits14 + augmentation prototypes, N=30",42,my_dataset_test_filtered\Leather_69\1750485718340.jpg,Leather_69,gaussian_blur,mild,0,Leather_69,Leather_69|Leather_123|Leather_79,True,True,0.723524,0.076909
"dinov2_vits14 + augmentation prototypes, N=30",42,my_dataset_test_filtered\Leather_69\1750485718340.jpg,Leather_69,gaussian_noise,mild,0,Leather_69,Leather_69|Leather_123|Leather_70,True,True,0.731239,0.074711
"dinov2_vits14 + augmentation prototypes, N=30",42,my_dataset_test_filtered\Leather_69\1750485718340.jpg,Leather_69,jpeg_compression,mild,0,Leather_69,Leather_69|Leather_123|Leather_70,True,True,0.729778,0.07591
"dinov2_vits14 + augmentation prototypes, N=30",42,my_dataset_test_filtered\Leather_69\1750485718340.jpg,Leather_69,rotation,mild,0,Leather_69,Leather_69|Leather_123|Leather_70,True,True,0.821405,0.068024
"dinov2_vits14 + augmentation prototypes, N=30",42,my_dataset_test_filtered\Leather_69\1750485718340.jpg,Leather_69,crop_scale,mild,0,Leather_69,Leather_69|Leather_123|Leather_70,True,True,0.790249,0.081084
"dinov2_vits14 + augmentation prototypes, N=30",42,my_dataset_test_filtered\Leather_70\1750485770008.jpg,Leather_70,brightness,mild,0,Leather_70,Leather_70|Leather_69|Leather_68,True,True,0.717511,0.033096
"dinov2_vits14 + augmentation prototypes, N=30",42,my_dataset_test_filtered\Leather_70\1750485770008.jpg,Leather_70,contrast,mild,0,Leather_70,Leather_70|Leather_69|Leather_68,True,True,0.707625,0.029579
"dinov2_vits14 + augmentation prototypes, N=30",42,my_dataset_test_filtered\Leather_70\1750485770008.jpg,Leather_70,color_jitter,mild,0,Leather_70,Leather_70|Leather_68|Leather_69,True,True,0.722185,0.030987
"dinov2_vits14 + augmentation prototypes, N=30",42,my_dataset_test_filtered\Leather_70\1750485770008.jpg,Leather_70,gaussian_blur,mild,0,Leather_70,Leather_70|Leather_69|Leather_68,True,True,0.716147,0.030725
"dinov2_vits14 + augmentation prototypes, N=30",42,my_dataset_test_filtered\Leather_70\1750485770008.jpg,Leather_70,gaussian_noise,mild,0,Leather_70,Leather_70|Leather_68|Leather_69,True,True,0.722531,0.030208
"dinov2_vits14 + augmentation prototypes, N=30",42,my_dataset_test_filtered\Leather_70\1750485770008.jpg,Leather_70,jpeg_compression,mild,0,Leather_70,Leather_70|Leather_68|Leather_69,True,True,0.721534,0.033654
"dinov2_vits14 + augmentation prototypes, N=30",42,my_dataset_test_filtered\Leather_70\1750485770008.jpg,Leather_70,rotation,mild,0,Leather_70,Leather_70|Leather_69|Leather_123,True,True,0.689964,0.002848
"dinov2_vits14 + augmentation prototypes, N=30",42,my_dataset_test_filtered\Leather_70\1750485770008.jpg,Leather_70,crop_scale,mild,0,Leather_70,Leather_70|Leather_68|Leather_69,True,True,0.798965,0.038562
"dinov2_vits14 + augmentation prototypes, N=30",42,my_dataset_test_filtered\Leather_71\1750485829171.jpg,Leather_71,brightness,mild,0,Leather_71,Leather_71|Leather_57|Leather_86,True,True,0.953227,0.312797
"dinov2_vits14 + augmentation prototypes, N=30",42,my_dataset_test_filtered\Leather_71\1750485829171.jpg,Leather_71,contrast,mild,0,Leather_71,Leather_71|Leather_86|Leather_57,True,True,0.95108,0.31621
"dinov2_vits14 + augmentation prototypes, N=30",42,my_dataset_test_filtered\Leather_71\1750485829171.jpg,Leather_71,color_jitter,mild,0,Leather_71,Leather_71|Leather_57|Leather_86,True,True,0.937797,0.269554
"dinov2_vits14 + augmentation prototypes, N=30",42,my_dataset_test_filtered\Leather_71\1750485829171.jpg,Leather_71,gaussian_blur,mild,0,Leather_71,Leather_71|Leather_86|Leather_57,True,True,0.95037,0.313503
"dinov2_vits14 + augmentation prototypes, N=30",42,my_dataset_test_filtered\Leather_71\1750485829171.jpg,Leather_71,gaussian_noise,mild,0,Leather_71,Leather_71|Leather_57|Leather_86,True,True,0.944229,0.291308
"dinov2_vits14 + augmentation prototypes, N=30",42,my_dataset_test_filtered\Leather_71\1750485829171.jpg,Leather_71,jpeg_compression,mild,0,Leather_71,Leather_71|Leather_57|Leather_86,True,True,0.942639,0.286502
"dinov2_vits14 + augmentation prototypes, N=30",42,my_dataset_test_filtered\Leather_71\1750485829171.jpg,Leather_71,rotation,mild,0,Leather_71,Leather_71|Leather_86|Leather_57,True,True,0.94352,0.31803
"dinov2_vits14 + augmentation prototypes, N=30",42,my_dataset_test_filtered\Leather_71\1750485829171.jpg,Leather_71,crop_scale,mild,0,Leather_71,Leather_71|Leather_57|Leather_86,True,True,0.962747,0.300437
"dinov2_vits14 + augmentation prototypes, N=30",42,my_dataset_test_filtered\Leather_72\1750485875459.jpg,Leather_72,brightness,mild,0,Leather_72,Leather_72|Leather_66|Leather_65,True,True,0.950873,0.154555
"dinov2_vits14 + augmentation prototypes, N=30",42,my_dataset_test_filtered\Leather_72\1750485875459.jpg,Leather_72,contrast,mild,0,Leather_72,Leather_72|Leather_66|Leather_65,True,True,0.95167,0.149051
"dinov2_vits14 + augmentation prototypes, N=30",42,my_dataset_test_filtered\Leather_72\1750485875459.jpg,Leather_72,color_jitter,mild,0,Leather_72,Leather_72|Leather_66|Leather_65,True,True,0.944295,0.145853
"dinov2_vits14 + augmentation prototypes, N=30",42,my_dataset_test_filtered\Leather_72\1750485875459.jpg,Leather_72,gaussian_blur,mild,0,Leather_72,Leather_72|Leather_66|Leather_65,True,True,0.949226,0.151752
"dinov2_vits14 + augmentation prototypes, N=30",42,my_dataset_test_filtered\Leather_72\1750485875459.jpg,Leather_72,gaussian_noise,mild,0,Leather_72,Leather_72|Leather_66|Leather_65,True,True,0.94773,0.151402
"dinov2_vits14 + augmentation prototypes, N=30",42,my_dataset_test_filtered\Leather_72\1750485875459.jpg,Leather_72,jpeg_compression,mild,0,Leather_72,Leather_72|Leather_66|Leather_65,True,True,0.94568,0.154547
"dinov2_vits14 + augmentation prototypes, N=30",42,my_dataset_test_filtered\Leather_72\1750485875459.jpg,Leather_72,rotation,mild,0,Leather_72,Leather_72|Leather_66|Leather_65,True,True,0.950916,0.158271
"dinov2_vits14 + augmentation prototypes, N=30",42,my_dataset_test_filtered\Leather_72\1750485875459.jpg,Leather_72,crop_scale,mild,0,Leather_72,Leather_72|Leather_66|Leather_65,True,True,0.971902,0.187882
"dinov2_vits14 + augmentation prototypes, N=30",42,my_dataset_test_filtered\Leather_73\1750485959010.jpg,Leather_73,brightness,mild,0,Leather_73,Leather_73|Leather_70|Leather_123,True,True,0.888015,0.126859
"dinov2_vits14 + augmentation prototypes, N=30",42,my_dataset_test_filtered\Leather_73\1750485959010.jpg,Leather_73,contrast,mild,0,Leather_73,Leather_73|Leather_70|Leather_123,True,True,0.900306,0.138107
"dinov2_vits14 + augmentation prototypes, N=30",42,my_dataset_test_filtered\Leather_73\1750485959010.jpg,Leather_73,color_jitter,mild,0,Leather_73,Leather_73|Leather_70|Leather_79,True,True,0.89844,0.139561
"dinov2_vits14 + augmentation prototypes, N=30",42,my_dataset_test_filtered\Leather_73\1750485959010.jpg,Leather_73,gaussian_blur,mild,0,Leather_73,Leather_73|Leather_70|Leather_79,True,True,0.890012,0.125902
"dinov2_vits14 + augmentation prototypes, N=30",42,my_dataset_test_filtered\Leather_73\1750485959010.jpg,Leather_73,gaussian_noise,mild,0,Leather_73,Leather_73|Leather_70|Leather_123,True,True,0.880807,0.114738
"dinov2_vits14 + augmentation prototypes, N=30",42,my_dataset_test_filtered\Leather_73\1750485959010.jpg,Leather_73,jpeg_compression,mild,0,Leather_73,Leather_73|Leather_70|Leather_123,True,True,0.898399,0.14734
"dinov2_vits14 + augmentation prototypes, N=30",42,my_dataset_test_filtered\Leather_73\1750485959010.jpg,Leather_73,rotation,mild,0,Leather_73,Leather_73|Leather_70|Leather_123,True,True,0.895906,0.133148
"dinov2_vits14 + augmentation prototypes, N=30",42,my_dataset_test_filtered\Leather_73\1750485959010.jpg,Leather_73,crop_scale,mild,0,Leather_73,Leather_73|Leather_70|Leather_123,True,True,0.957076,0.201344
"dinov2_vits14 + augmentation prototypes, N=30",42,my_dataset_test_filtered\Leather_74\1750486019457.jpg,Leather_74,brightness,mild,0,Leather_74,Leather_74|Leather_56|Leather_31,True,True,0.95794,0.186618
"dinov2_vits14 + augmentation prototypes, N=30",42,my_dataset_test_filtered\Leather_74\1750486019457.jpg,Leather_74,contrast,mild,0,Leather_74,Leather_74|Leather_56|Leather_31,True,True,0.946828,0.15095
"dinov2_vits14 + augmentation prototypes, N=30",42,my_dataset_test_filtered\Leather_74\1750486019457.jpg,Leather_74,color_jitter,mild,0,Leather_74,Leather_74|Leather_56|Leather_31,True,True,0.961233,0.182312
"dinov2_vits14 + augmentation prototypes, N=30",42,my_dataset_test_filtered\Leather_74\1750486019457.jpg,Leather_74,gaussian_blur,mild,0,Leather_74,Leather_74|Leather_31|Leather_56,True,True,0.964473,0.191302
"dinov2_vits14 + augmentation prototypes, N=30",42,my_dataset_test_filtered\Leather_74\1750486019457.jpg,Leather_74,gaussian_noise,mild,0,Leather_74,Leather_74|Leather_56|Leather_31,True,True,0.963166,0.190345
"dinov2_vits14 + augmentation prototypes, N=30",42,my_dataset_test_filtered\Leather_74\1750486019457.jpg,Leather_74,jpeg_compression,mild,0,Leather_74,Leather_74|Leather_56|Leather_31,True,True,0.961372,0.181757
"dinov2_vits14 + augmentation prototypes, N=30",42,my_dataset_test_filtered\Leather_74\1750486019457.jpg,Leather_74,rotation,mild,0,Leather_74,Leather_74|Leather_56|Leather_58,True,True,0.939755,0.079112
"dinov2_vits14 + augmentation prototypes, N=30",42,my_dataset_test_filtered\Leather_74\1750486019457.jpg,Leather_74,crop_scale,mild,0,Leather_74,Leather_74|Leather_31|Leather_58,True,True,0.984509,0.181158
"dinov2_vits14 + augmentation prototypes, N=30",42,my_dataset_test_filtered\Leather_75\1750486112741.jpg,Leather_75,brightness,mild,0,Leather_75,Leather_75|Leather_118|Leather_81,True,True,0.952994,0.052162
"dinov2_vits14 + augmentation prototypes, N=30",42,my_dataset_test_filtered\Leather_75\1750486112741.jpg,Leather_75,contrast,mild,0,Leather_75,Leather_75|Leather_118|Leather_81,True,True,0.944957,0.044851
"dinov2_vits14 + augmentation prototypes, N=30",42,my_dataset_test_filtered\Leather_75\1750486112741.jpg,Leather_75,color_jitter,mild,0,Leather_75,Leather_75|Leather_118|Leather_81,True,True,0.951378,0.045568
"dinov2_vits14 + augmentation prototypes, N=30",42,my_dataset_test_filtered\Leather_75\1750486112741.jpg,Leather_75,gaussian_blur,mild,0,Leather_75,Leather_75|Leather_118|Leather_81,True,True,0.952226,0.045354
"dinov2_vits14 + augmentation prototypes, N=30",42,my_dataset_test_filtered\Leather_75\1750486112741.jpg,Leather_75,gaussian_noise,mild,0,Leather_75,Leather_75|Leather_118|Leather_81,True,True,0.954847,0.054772
"dinov2_vits14 + augmentation prototypes, N=30",42,my_dataset_test_filtered\Leather_75\1750486112741.jpg,Leather_75,jpeg_compression,mild,0,Leather_75,Leather_75|Leather_118|Leather_81,True,True,0.948643,0.050974
"dinov2_vits14 + augmentation prototypes, N=30",42,my_dataset_test_filtered\Leather_75\1750486112741.jpg,Leather_75,rotation,mild,0,Leather_75,Leather_75|Leather_118|Leather_81,True,True,0.936745,0.044855
"dinov2_vits14 + augmentation prototypes, N=30",42,my_dataset_test_filtered\Leather_75\1750486112741.jpg,Leather_75,crop_scale,mild,0,Leather_75,Leather_75|Leather_118|Leather_81,True,True,0.955054,0.070423
"dinov2_vits14 + augmentation prototypes, N=30",42,my_dataset_test_filtered\Leather_76\1750486164800.jpg,Leather_76,brightness,mild,0,Leather_76,Leather_76|Leather_145|Leather_58,True,True,0.924807,0.130279
"dinov2_vits14 + augmentation prototypes, N=30",42,my_dataset_test_filtered\Leather_76\1750486164800.jpg,Leather_76,contrast,mild,0,Leather_76,Leather_76|Leather_56|Leather_124,True,True,0.90649,0.129247
"dinov2_vits14 + augmentation prototypes, N=30",42,my_dataset_test_filtered\Leather_76\1750486164800.jpg,Leather_76,color_jitter,mild,0,Leather_76,Leather_76|Leather_145|Leather_58,True,True,0.927955,0.122229
"dinov2_vits14 + augmentation prototypes, N=30",42,my_dataset_test_filtered\Leather_76\1750486164800.jpg,Leather_76,gaussian_blur,mild,0,Leather_76,Leather_76|Leather_145|Leather_58,True,True,0.924741,0.131325
"dinov2_vits14 + augmentation prototypes, N=30",42,my_dataset_test_filtered\Leather_76\1750486164800.jpg,Leather_76,gaussian_noise,mild,0,Leather_76,Leather_76|Leather_58|Leather_145,True,True,0.93755,0.130694
"dinov2_vits14 + augmentation prototypes, N=30",42,my_dataset_test_filtered\Leather_76\1750486164800.jpg,Leather_76,jpeg_compression,mild,0,Leather_76,Leather_76|Leather_58|Leather_145,True,True,0.930501,0.129028
"dinov2_vits14 + augmentation prototypes, N=30",42,my_dataset_test_filtered\Leather_76\1750486164800.jpg,Leather_76,rotation,mild,0,Leather_76,Leather_76|Leather_56|Leather_145,True,True,0.933337,0.104334
"dinov2_vits14 + augmentation prototypes, N=30",42,my_dataset_test_filtered\Leather_76\1750486164800.jpg,Leather_76,crop_scale,mild,0,Leather_76,Leather_76|Leather_56|Leather_58,True,True,0.935778,0.118152
"dinov2_vits14 + augmentation prototypes, N=30",42,my_dataset_test_filtered\Leather_77\1750486227659.jpg,Leather_77,brightness,mild,0,Leather_77,Leather_77|Leather_124|Leather_193,True,True,0.835279,0.112424
"dinov2_vits14 + augmentation prototypes, N=30",42,my_dataset_test_filtered\Leather_77\1750486227659.jpg,Leather_77,contrast,mild,0,Leather_77,Leather_77|Leather_124|Leather_193,True,True,0.825848,0.083761
"dinov2_vits14 + augmentation prototypes, N=30",42,my_dataset_test_filtered\Leather_77\1750486227659.jpg,Leather_77,color_jitter,mild,0,Leather_77,Leather_77|Leather_124|Leather_193,True,True,0.839915,0.122944
"dinov2_vits14 + augmentation prototypes, N=30",42,my_dataset_test_filtered\Leather_77\1750486227659.jpg,Leather_77,gaussian_blur,mild,0,Leather_77,Leather_77|Leather_124|Leather_193,True,True,0.835231,0.106896
"dinov2_vits14 + augmentation prototypes, N=30",42,my_dataset_test_filtered\Leather_77\1750486227659.jpg,Leather_77,gaussian_noise,mild,0,Leather_77,Leather_77|Leather_124|Leather_193,True,True,0.835946,0.114062
"dinov2_vits14 + augmentation prototypes, N=30",42,my_dataset_test_filtered\Leather_77\1750486227659.jpg,Leather_77,jpeg_compression,mild,0,Leather_77,Leather_77|Leather_124|Leather_193,True,True,0.838289,0.122471
"dinov2_vits14 + augmentation prototypes, N=30",42,my_dataset_test_filtered\Leather_77\1750486227659.jpg,Leather_77,rotation,mild,0,Leather_77,Leather_77|Leather_124|Leather_83,True,True,0.792767,0.152243
"dinov2_vits14 + augmentation prototypes, N=30",42,my_dataset_test_filtered\Leather_77\1750486227659.jpg,Leather_77,crop_scale,mild,0,Leather_77,Leather_77|Leather_83|Leather_124,True,True,0.961751,0.165722
"dinov2_vits14 + augmentation prototypes, N=30",42,my_dataset_test_filtered\Leather_78\1750486282509.jpg,Leather_78,brightness,mild,0,Leather_78,Leather_78|Leather_84|Leather_70,True,True,0.934956,0.07201
"dinov2_vits14 + augmentation prototypes, N=30",42,my_dataset_test_filtered\Leather_78\1750486282509.jpg,Leather_78,contrast,mild,0,Leather_78,Leather_78|Leather_70|Leather_118,True,True,0.929349,0.06821
"dinov2_vits14 + augmentation prototypes, N=30",42,my_dataset_test_filtered\Leather_78\1750486282509.jpg,Leather_78,color_jitter,mild,0,Leather_78,Leather_78|Leather_84|Leather_118,True,True,0.947143,0.075254
"dinov2_vits14 + augmentation prototypes, N=30",42,my_dataset_test_filtered\Leather_78\1750486282509.jpg,Leather_78,gaussian_blur,mild,0,Leather_78,Leather_78|Leather_84|Leather_70,True,True,0.938768,0.069725
"dinov2_vits14 + augmentation prototypes, N=30",42,my_dataset_test_filtered\Leather_78\1750486282509.jpg,Leather_78,gaussian_noise,mild,0,Leather_78,Leather_78|Leather_84|Leather_70,True,True,0.941702,0.071666
"dinov2_vits14 + augmentation prototypes, N=30",42,my_dataset_test_filtered\Leather_78\1750486282509.jpg,Leather_78,jpeg_compression,mild,0,Leather_78,Leather_78|Leather_84|Leather_118,True,True,0.940347,0.070732
"dinov2_vits14 + augmentation prototypes, N=30",42,my_dataset_test_filtered\Leather_78\1750486282509.jpg,Leather_78,rotation,mild,0,Leather_78,Leather_78|Leather_69|Leather_148,True,True,0.876076,0.004403
"dinov2_vits14 + augmentation prototypes, N=30",42,my_dataset_test_filtered\Leather_78\1750486282509.jpg,Leather_78,crop_scale,mild,0,Leather_78,Leather_78|Leather_84|Leather_118,True,True,0.940326,0.082035
"dinov2_vits14 + augmentation prototypes, N=30",42,my_dataset_test_filtered\Leather_79\1750486351295.jpg,Leather_79,brightness,mild,0,Leather_79,Leather_79|Leather_69|Leather_70,True,True,0.923704,0.160584
"dinov2_vits14 + augmentation prototypes, N=30",42,my_dataset_test_filtered\Leather_79\1750486351295.jpg,Leather_79,contrast,mild,0,Leather_79,Leather_79|Leather_69|Leather_70,True,True,0.932018,0.149324
"dinov2_vits14 + augmentation prototypes, N=30",42,my_dataset_test_filtered\Leather_79\1750486351295.jpg,Leather_79,color_jitter,mild,0,Leather_79,Leather_79|Leather_69|Leather_70,True,True,0.932335,0.155657
"dinov2_vits14 + augmentation prototypes, N=30",42,my_dataset_test_filtered\Leather_79\1750486351295.jpg,Leather_79,gaussian_blur,mild,0,Leather_79,Leather_79|Leather_69|Leather_70,True,True,0.921545,0.160755
"dinov2_vits14 + augmentation prototypes, N=30",42,my_dataset_test_filtered\Leather_79\1750486351295.jpg,Leather_79,gaussian_noise,mild,0,Leather_79,Leather_79|Leather_69|Leather_70,True,True,0.928766,0.151147
"dinov2_vits14 + augmentation prototypes, N=30",42,my_dataset_test_filtered\Leather_79\1750486351295.jpg,Leather_79,jpeg_compression,mild,0,Leather_79,Leather_79|Leather_69|Leather_70,True,True,0.934923,0.149371
"dinov2_vits14 + augmentation prototypes, N=30",42,my_dataset_test_filtered\Leather_79\1750486351295.jpg,Leather_79,rotation,mild,0,Leather_79,Leather_79|Leather_69|Leather_148,True,True,0.950603,0.121489
"dinov2_vits14 + augmentation prototypes, N=30",42,my_dataset_test_filtered\Leather_79\1750486351295.jpg,Leather_79,crop_scale,mild,0,Leather_79,Leather_79|Leather_69|Leather_70,True,True,0.967943,0.146102
"dinov2_vits14 + augmentation prototypes, N=30",42,my_dataset_test_filtered\Leather_80\1750486405057.jpg,Leather_80,brightness,mild,0,Leather_80,Leather_80|Leather_122|Leather_84,True,True,0.926228,0.106118
"dinov2_vits14 + augmentation prototypes, N=30",42,my_dataset_test_filtered\Leather_80\1750486405057.jpg,Leather_80,contrast,mild,0,Leather_80,Leather_80|Leather_122|Leather_84,True,True,0.931049,0.10719
"dinov2_vits14 + augmentation prototypes, N=30",42,my_dataset_test_filtered\Leather_80\1750486405057.jpg,Leather_80,color_jitter,mild,0,Leather_80,Leather_80|Leather_122|Leather_84,True,True,0.927084,0.099422
"dinov2_vits14 + augmentation prototypes, N=30",42,my_dataset_test_filtered\Leather_80\1750486405057.jpg,Leather_80,gaussian_blur,mild,0,Leather_80,Leather_80|Leather_122|Leather_84,True,True,0.928603,0.10149
"dinov2_vits14 + augmentation prototypes, N=30",42,my_dataset_test_filtered\Leather_80\1750486405057.jpg,Leather_80,gaussian_noise,mild,0,Leather_80,Leather_80|Leather_122|Leather_84,True,True,0.930199,0.105293
"dinov2_vits14 + augmentation prototypes, N=30",42,my_dataset_test_filtered\Leather_80\1750486405057.jpg,Leather_80,jpeg_compression,mild,0,Leather_80,Leather_80|Leather_122|Leather_84,True,True,0.928372,0.100634
"dinov2_vits14 + augmentation prototypes, N=30",42,my_dataset_test_filtered\Leather_80\1750486405057.jpg,Leather_80,rotation,mild,0,Leather_80,Leather_80|Leather_122|Leather_84,True,True,0.9313,0.104912
"dinov2_vits14 + augmentation prototypes, N=30",42,my_dataset_test_filtered\Leather_80\1750486405057.jpg,Leather_80,crop_scale,mild,0,Leather_80,Leather_80|Leather_122|Leather_150,True,True,0.962219,0.19395
"dinov2_vits14 + augmentation prototypes, N=30",42,my_dataset_test_filtered\Leather_81\1750486453204.jpg,Leather_81,brightness,mild,0,Leather_81,Leather_81|Leather_118|Leather_84,True,True,0.78293,0.045199
"dinov2_vits14 + augmentation prototypes, N=30",42,my_dataset_test_filtered\Leather_81\1750486453204.jpg,Leather_81,contrast,mild,0,Leather_81,Leather_81|Leather_118|Leather_84,True,True,0.78851,0.040019
"dinov2_vits14 + augmentation prototypes, N=30",42,my_dataset_test_filtered\Leather_81\1750486453204.jpg,Leather_81,color_jitter,mild,0,Leather_81,Leather_81|Leather_118|Leather_84,True,True,0.765832,0.040298
"dinov2_vits14 + augmentation prototypes, N=30",42,my_dataset_test_filtered\Leather_81\1750486453204.jpg,Leather_81,gaussian_blur,mild,0,Leather_81,Leather_81|Leather_118|Leather_84,True,True,0.772739,0.043562
"dinov2_vits14 + augmentation prototypes, N=30",42,my_dataset_test_filtered\Leather_81\1750486453204.jpg,Leather_81,gaussian_noise,mild,0,Leather_81,Leather_81|Leather_118|Leather_84,True,True,0.770065,0.042702
"dinov2_vits14 + augmentation prototypes, N=30",42,my_dataset_test_filtered\Leather_81\1750486453204.jpg,Leather_81,jpeg_compression,mild,0,Leather_81,Leather_81|Leather_118|Leather_84,True,True,0.778968,0.043651
"dinov2_vits14 + augmentation prototypes, N=30",42,my_dataset_test_filtered\Leather_81\1750486453204.jpg,Leather_81,rotation,mild,0,Leather_81,Leather_81|Leather_118|Leather_84,True,True,0.628837,0.03961
"dinov2_vits14 + augmentation prototypes, N=30",42,my_dataset_test_filtered\Leather_81\1750486453204.jpg,Leather_81,crop_scale,mild,0,Leather_81,Leather_81|Leather_118|Leather_84,True,True,0.733583,0.036884
"dinov2_vits14 + augmentation prototypes, N=30",42,my_dataset_test_filtered\Leather_82\1750486496818.jpg,Leather_82,brightness,mild,0,Leather_82,Leather_82|Leather_146|Leather_144,True,True,0.929072,0.07768
"dinov2_vits14 + augmentation prototypes, N=30",42,my_dataset_test_filtered\Leather_82\1750486496818.jpg,Leather_82,contrast,mild,0,Leather_82,Leather_82|Leather_146|Leather_144,True,True,0.928285,0.078844
"dinov2_vits14 + augmentation prototypes, N=30",42,my_dataset_test_filtered\Leather_82\1750486496818.jpg,Leather_82,color_jitter,mild,0,Leather_82,Leather_82|Leather_146|Leather_144,True,True,0.933079,0.076168
"dinov2_vits14 + augmentation prototypes, N=30",42,my_dataset_test_filtered\Leather_82\1750486496818.jpg,Leather_82,gaussian_blur,mild,0,Leather_82,Leather_82|Leather_146|Leather_144,True,True,0.926089,0.071677
"dinov2_vits14 + augmentation prototypes, N=30",42,my_dataset_test_filtered\Leather_82\1750486496818.jpg,Leather_82,gaussian_noise,mild,0,Leather_82,Leather_82|Leather_146|Leather_144,True,True,0.93042,0.077467
"dinov2_vits14 + augmentation prototypes, N=30",42,my_dataset_test_filtered\Leather_82\1750486496818.jpg,Leather_82,jpeg_compression,mild,0,Leather_82,Leather_82|Leather_146|Leather_144,True,True,0.933147,0.083484
"dinov2_vits14 + augmentation prototypes, N=30",42,my_dataset_test_filtered\Leather_82\1750486496818.jpg,Leather_82,rotation,mild,0,Leather_82,Leather_82|Leather_146|Leather_117,True,True,0.947512,0.103987
"dinov2_vits14 + augmentation prototypes, N=30",42,my_dataset_test_filtered\Leather_82\1750486496818.jpg,Leather_82,crop_scale,mild,0,Leather_82,Leather_82|Leather_146|Leather_117,True,True,0.950506,0.099011
"dinov2_vits14 + augmentation prototypes, N=30",42,my_dataset_test_filtered\Leather_83\1750486589469.jpg,Leather_83,brightness,mild,0,Leather_83,Leather_83|Leather_77|Leather_58,True,True,0.926464,0.093565
"dinov2_vits14 + augmentation prototypes, N=30",42,my_dataset_test_filtered\Leather_83\1750486589469.jpg,Leather_83,contrast,mild,0,Leather_83,Leather_83|Leather_77|Leather_58,True,True,0.927029,0.081434
"dinov2_vits14 + augmentation prototypes, N=30",42,my_dataset_test_filtered\Leather_83\1750486589469.jpg,Leather_83,color_jitter,mild,0,Leather_83,Leather_83|Leather_77|Leather_58,True,True,0.928078,0.08238
"dinov2_vits14 + augmentation prototypes, N=30",42,my_dataset_test_filtered\Leather_83\1750486589469.jpg,Leather_83,gaussian_blur,mild,0,Leather_83,Leather_83|Leather_77|Leather_58,True,True,0.931812,0.099827
"dinov2_vits14 + augmentation prototypes, N=30",42,my_dataset_test_filtered\Leather_83\1750486589469.jpg,Leather_83,gaussian_noise,mild,0,Leather_83,Leather_83|Leather_77|Leather_58,True,True,0.930618,0.097831
"dinov2_vits14 + augmentation prototypes, N=30",42,my_dataset_test_filtered\Leather_83\1750486589469.jpg,Leather_83,jpeg_compression,mild,0,Leather_83,Leather_83|Leather_77|Leather_58,True,True,0.931861,0.091846
"dinov2_vits14 + augmentation prototypes, N=30",42,my_dataset_test_filtered\Leather_83\1750486589469.jpg,Leather_83,rotation,mild,0,Leather_83,Leather_83|Leather_77|Leather_58,True,True,0.964968,0.073058
"dinov2_vits14 + augmentation prototypes, N=30",42,my_dataset_test_filtered\Leather_83\1750486589469.jpg,Leather_83,crop_scale,mild,0,Leather_83,Leather_83|Leather_77|Leather_58,True,True,0.971071,0.076711
"dinov2_vits14 + augmentation prototypes, N=30",42,my_dataset_test_filtered\Leather_84\1750486652785.jpg,Leather_84,brightness,mild,0,Leather_84,Leather_84|Leather_78|Leather_68,True,True,0.944429,0.087097
"dinov2_vits14 + augmentation prototypes, N=30",42,my_dataset_test_filtered\Leather_84\1750486652785.jpg,Leather_84,contrast,mild,0,Leather_84,Leather_84|Leather_78|Leather_75,True,True,0.933562,0.074704
"dinov2_vits14 + augmentation prototypes, N=30",42,my_dataset_test_filtered\Leather_84\1750486652785.jpg,Leather_84,color_jitter,mild,0,Leather_84,Leather_84|Leather_78|Leather_75,True,True,0.95471,0.081989
"dinov2_vits14 + augmentation prototypes, N=30",42,my_dataset_test_filtered\Leather_84\1750486652785.jpg,Leather_84,gaussian_blur,mild,0,Leather_84,Leather_84|Leather_78|Leather_75,True,True,0.947721,0.08716
"dinov2_vits14 + augmentation prototypes, N=30",42,my_dataset_test_filtered\Leather_84\1750486652785.jpg,Leather_84,gaussian_noise,mild,0,Leather_84,Leather_84|Leather_78|Leather_75,True,True,0.950174,0.084616
"dinov2_vits14 + augmentation prototypes, N=30",42,my_dataset_test_filtered\Leather_84\1750486652785.jpg,Leather_84,jpeg_compression,mild,0,Leather_84,Leather_84|Leather_78|Leather_75,True,True,0.950004,0.088893
"dinov2_vits14 + augmentation prototypes, N=30",42,my_dataset_test_filtered\Leather_84\1750486652785.jpg,Leather_84,rotation,mild,0,Leather_84,Leather_84|Leather_69|Leather_70,True,True,0.908652,0.056336
"dinov2_vits14 + augmentation prototypes, N=30",42,my_dataset_test_filtered\Leather_84\1750486652785.jpg,Leather_84,crop_scale,mild,0,Leather_84,Leather_84|Leather_75|Leather_118,True,True,0.936535,0.053165
"dinov2_vits14 + augmentation prototypes, N=30",42,my_dataset_test_filtered\Leather_85\1750486731620.jpg,Leather_85,brightness,mild,0,Leather_85,Leather_85|Leather_37|Leather_86,True,True,0.73914,0.090094
"dinov2_vits14 + augmentation prototypes, N=30",42,my_dataset_test_filtered\Leather_85\1750486731620.jpg,Leather_85,contrast,mild,0,Leather_85,Leather_85|Leather_37|Leather_86,True,True,0.740152,0.085384
"dinov2_vits14 + augmentation prototypes, N=30",42,my_dataset_test_filtered\Leather_85\1750486731620.jpg,Leather_85,color_jitter,mild,0,Leather_85,Leather_85|Leather_37|Leather_86,True,True,0.749832,0.096405
"dinov2_vits14 + augmentation prototypes, N=30",42,my_dataset_test_filtered\Leather_85\1750486731620.jpg,Leather_85,gaussian_blur,mild,0,Leather_85,Leather_85|Leather_37|Leather_86,True,True,0.748439,0.092802
"dinov2_vits14 + augmentation prototypes, N=30",42,my_dataset_test_filtered\Leather_85\1750486731620.jpg,Leather_85,gaussian_noise,mild,0,Leather_85,Leather_85|Leather_37|Leather_86,True,True,0.747751,0.09404
"dinov2_vits14 + augmentation prototypes, N=30",42,my_dataset_test_filtered\Leather_85\1750486731620.jpg,Leather_85,jpeg_compression,mild,0,Leather_85,Leather_85|Leather_37|Leather_86,True,True,0.74669,0.092337
"dinov2_vits14 + augmentation prototypes, N=30",42,my_dataset_test_filtered\Leather_85\1750486731620.jpg,Leather_85,rotation,mild,0,Leather_85,Leather_85|Leather_86|Leather_37,True,True,0.710121,0.118829
"dinov2_vits14 + augmentation prototypes, N=30",42,my_dataset_test_filtered\Leather_85\1750486731620.jpg,Leather_85,crop_scale,mild,0,Leather_85,Leather_85|Leather_55|Leather_37,True,True,0.904433,0.165783
"dinov2_vits14 + augmentation prototypes, N=30",42,my_dataset_test_filtered\Leather_86\1750486795890.jpg,Leather_86,brightness,mild,0,Leather_86,Leather_86|Leather_64|Leather_43,True,True,0.946307,0.332916
"dinov2_vits14 + augmentation prototypes, N=30",42,my_dataset_test_filtered\Leather_86\1750486795890.jpg,Leather_86,contrast,mild,0,Leather_86,Leather_86|Leather_43|Leather_64,True,True,0.94727,0.330385
"dinov2_vits14 + augmentation prototypes, N=30",42,my_dataset_test_filtered\Leather_86\1750486795890.jpg,Leather_86,color_jitter,mild,0,Leather_86,Leather_86|Leather_43|Leather_64,True,True,0.944622,0.336397
"dinov2_vits14 + augmentation prototypes, N=30",42,my_dataset_test_filtered\Leather_86\1750486795890.jpg,Leather_86,gaussian_blur,mild,0,Leather_86,Leather_86|Leather_64|Leather_43,True,True,0.94618,0.341696
"dinov2_vits14 + augmentation prototypes, N=30",42,my_dataset_test_filtered\Leather_86\1750486795890.jpg,Leather_86,gaussian_noise,mild,0,Leather_86,Leather_86|Leather_43|Leather_64,True,True,0.945862,0.337938
"dinov2_vits14 + augmentation prototypes, N=30",42,my_dataset_test_filtered\Leather_86\1750486795890.jpg,Leather_86,jpeg_compression,mild,0,Leather_86,Leather_86|Leather_43|Leather_64,True,True,0.949183,0.3439
"dinov2_vits14 + augmentation prototypes, N=30",42,my_dataset_test_filtered\Leather_86\1750486795890.jpg,Leather_86,rotation,mild,0,Leather_86,Leather_86|Leather_29|Leather_46,True,True,0.944105,0.367011
"dinov2_vits14 + augmentation prototypes, N=30",42,my_dataset_test_filtered\Leather_86\1750486795890.jpg,Leather_86,crop_scale,mild,0,Leather_86,Leather_86|Leather_29|Leather_51,True,True,0.951512,0.360862
"dinov2_vits14 + augmentation prototypes, N=30",42,my_dataset_test_filtered\Leather_87\1750486854577.jpg,Leather_87,brightness,mild,0,Leather_87,Leather_87|Leather_110|Leather_121,True,True,0.874529,0.252725
"dinov2_vits14 + augmentation prototypes, N=30",42,my_dataset_test_filtered\Leather_87\1750486854577.jpg,Leather_87,contrast,mild,0,Leather_87,Leather_87|Leather_110|Leather_121,True,True,0.873515,0.250068
"dinov2_vits14 + augmentation prototypes, N=30",42,my_dataset_test_filtered\Leather_87\1750486854577.jpg,Leather_87,color_jitter,mild,0,Leather_87,Leather_87|Leather_110|Leather_121,True,True,0.881814,0.252128
"dinov2_vits14 + augmentation prototypes, N=30",42,my_dataset_test_filtered\Leather_87\1750486854577.jpg,Leather_87,gaussian_blur,mild,0,Leather_87,Leather_87|Leather_110|Leather_121,True,True,0.872592,0.253046
"dinov2_vits14 + augmentation prototypes, N=30",42,my_dataset_test_filtered\Leather_87\1750486854577.jpg,Leather_87,gaussian_noise,mild,0,Leather_87,Leather_87|Leather_110|Leather_121,True,True,0.880101,0.251555
"dinov2_vits14 + augmentation prototypes, N=30",42,my_dataset_test_filtered\Leather_87\1750486854577.jpg,Leather_87,jpeg_compression,mild,0,Leather_87,Leather_87|Leather_110|Leather_121,True,True,0.881433,0.251456
"dinov2_vits14 + augmentation prototypes, N=30",42,my_dataset_test_filtered\Leather_87\1750486854577.jpg,Leather_87,rotation,mild,0,Leather_87,Leather_87|Leather_121|Leather_110,True,True,0.791549,0.243878
"dinov2_vits14 + augmentation prototypes, N=30",42,my_dataset_test_filtered\Leather_87\1750486854577.jpg,Leather_87,crop_scale,mild,0,Leather_87,Leather_87|Leather_110|Leather_121,True,True,0.946036,0.207827
"dinov2_vits14 + augmentation prototypes, N=30",42,my_dataset_test_filtered\Leather_88\1750487499305.jpg,Leather_88,brightness,mild,0,Leather_88,Leather_88|Leather_70|Leather_148,True,True,0.900994,0.192978
"dinov2_vits14 + augmentation prototypes, N=30",42,my_dataset_test_filtered\Leather_88\1750487499305.jpg,Leather_88,contrast,mild,0,Leather_88,Leather_88|Leather_70|Leather_148,True,True,0.903862,0.196247
"dinov2_vits14 + augmentation prototypes, N=30",42,my_dataset_test_filtered\Leather_88\1750487499305.jpg,Leather_88,color_jitter,mild,0,Leather_88,Leather_88|Leather_70|Leather_148,True,True,0.909164,0.194289
"dinov2_vits14 + augmentation prototypes, N=30",42,my_dataset_test_filtered\Leather_88\1750487499305.jpg,Leather_88,gaussian_blur,mild,0,Leather_88,Leather_88|Leather_70|Leather_106,True,True,0.908547,0.198488
"dinov2_vits14 + augmentation prototypes, N=30",42,my_dataset_test_filtered\Leather_88\1750487499305.jpg,Leather_88,gaussian_noise,mild,0,Leather_88,Leather_88|Leather_70|Leather_148,True,True,0.908265,0.189402
"dinov2_vits14 + augmentation prototypes, N=30",42,my_dataset_test_filtered\Leather_88\1750487499305.jpg,Leather_88,jpeg_compression,mild,0,Leather_88,Leather_88|Leather_70|Leather_148,True,True,0.903256,0.198689
"dinov2_vits14 + augmentation prototypes, N=30",42,my_dataset_test_filtered\Leather_88\1750487499305.jpg,Leather_88,rotation,mild,0,Leather_88,Leather_88|Leather_148|Leather_70,True,True,0.917939,0.17701
"dinov2_vits14 + augmentation prototypes, N=30",42,my_dataset_test_filtered\Leather_88\1750487499305.jpg,Leather_88,crop_scale,mild,0,Leather_88,Leather_88|Leather_106|Leather_70,True,True,0.920976,0.216941
"dinov2_vits14 + augmentation prototypes, N=30",42,my_dataset_test_filtered\Leather_89\1750487589339.jpg,Leather_89,brightness,mild,0,Leather_89,Leather_89|Leather_106|Leather_184,True,True,0.916186,0.1813
"dinov2_vits14 + augmentation prototypes, N=30",42,my_dataset_test_filtered\Leather_89\1750487589339.jpg,Leather_89,contrast,mild,0,Leather_89,Leather_89|Leather_106|Leather_30,True,True,0.908567,0.176531
"dinov2_vits14 + augmentation prototypes, N=30",42,my_dataset_test_filtered\Leather_89\1750487589339.jpg,Leather_89,color_jitter,mild,0,Leather_89,Leather_89|Leather_106|Leather_30,True,True,0.922094,0.18425
"dinov2_vits14 + augmentation prototypes, N=30",42,my_dataset_test_filtered\Leather_89\1750487589339.jpg,Leather_89,gaussian_blur,mild,0,Leather_89,Leather_89|Leather_106|Leather_30,True,True,0.918015,0.179249
"dinov2_vits14 + augmentation prototypes, N=30",42,my_dataset_test_filtered\Leather_89\1750487589339.jpg,Leather_89,gaussian_noise,mild,0,Leather_89,Leather_89|Leather_106|Leather_30,True,True,0.923986,0.183291
"dinov2_vits14 + augmentation prototypes, N=30",42,my_dataset_test_filtered\Leather_89\1750487589339.jpg,Leather_89,jpeg_compression,mild,0,Leather_89,Leather_89|Leather_106|Leather_30,True,True,0.924173,0.188933
"dinov2_vits14 + augmentation prototypes, N=30",42,my_dataset_test_filtered\Leather_89\1750487589339.jpg,Leather_89,rotation,mild,0,Leather_89,Leather_89|Leather_177|Leather_88,True,True,0.899001,0.1668
"dinov2_vits14 + augmentation prototypes, N=30",42,my_dataset_test_filtered\Leather_89\1750487589339.jpg,Leather_89,crop_scale,mild,0,Leather_89,Leather_89|Leather_177|Leather_106,True,True,0.92171,0.181687
"dinov2_vits14 + augmentation prototypes, N=30",42,my_dataset_test_filtered\Leather_90\1750487645905.jpg,Leather_90,brightness,mild,0,Leather_90,Leather_90|Leather_91|Leather_188,True,True,0.656775,0.114872
"dinov2_vits14 + augmentation prototypes, N=30",42,my_dataset_test_filtered\Leather_90\1750487645905.jpg,Leather_90,contrast,mild,0,Leather_90,Leather_90|Leather_91|Leather_188,True,True,0.657351,0.110425
"dinov2_vits14 + augmentation prototypes, N=30",42,my_dataset_test_filtered\Leather_90\1750487645905.jpg,Leather_90,color_jitter,mild,0,Leather_90,Leather_90|Leather_91|Leather_98,True,True,0.677924,0.118917
"dinov2_vits14 + augmentation prototypes, N=30",42,my_dataset_test_filtered\Leather_90\1750487645905.jpg,Leather_90,gaussian_blur,mild,0,Leather_90,Leather_90|Leather_91|Leather_98,True,True,0.647517,0.111092
"dinov2_vits14 + augmentation prototypes, N=30",42,my_dataset_test_filtered\Leather_90\1750487645905.jpg,Leather_90,gaussian_noise,mild,0,Leather_90,Leather_90|Leather_91|Leather_98,True,True,0.669619,0.119473
"dinov2_vits14 + augmentation prototypes, N=30",42,my_dataset_test_filtered\Leather_90\1750487645905.jpg,Leather_90,jpeg_compression,mild,0,Leather_90,Leather_90|Leather_91|Leather_98,True,True,0.662408,0.117714
"dinov2_vits14 + augmentation prototypes, N=30",42,my_dataset_test_filtered\Leather_90\1750487645905.jpg,Leather_90,rotation,mild,0,Leather_90,Leather_90|Leather_91|Leather_100,True,True,0.618571,0.124913
"dinov2_vits14 + augmentation prototypes, N=30",42,my_dataset_test_filtered\Leather_90\1750487645905.jpg,Leather_90,crop_scale,mild,0,Leather_90,Leather_90|Leather_91|Leather_93,True,True,0.792313,0.259741
"dinov2_vits14 + augmentation prototypes, N=30",42,my_dataset_test_filtered\Leather_91\1750487700533.jpg,Leather_91,brightness,mild,0,Leather_89,Leather_89|Leather_91|Leather_19,False,True,0.421461,0.005061
"dinov2_vits14 + augmentation prototypes, N=30",42,my_dataset_test_filtered\Leather_91\1750487700533.jpg,Leather_91,contrast,mild,0,Leather_89,Leather_89|Leather_91|Leather_19,False,True,0.433721,0.000197
"dinov2_vits14 + augmentation prototypes, N=30",42,my_dataset_test_filtered\Leather_91\1750487700533.jpg,Leather_91,color_jitter,mild,0,Leather_89,Leather_89|Leather_91|Leather_19,False,True,0.434779,0.000679
"dinov2_vits14 + augmentation prototypes, N=30",42,my_dataset_test_filtered\Leather_91\1750487700533.jpg,Leather_91,gaussian_blur,mild,0,Leather_91,Leather_91|Leather_89|Leather_19,True,True,0.439991,0.000307
"dinov2_vits14 + augmentation prototypes, N=30",42,my_dataset_test_filtered\Leather_91\1750487700533.jpg,Leather_91,gaussian_noise,mild,0,Leather_91,Leather_91|Leather_89|Leather_19,True,True,0.448982,0.002805
"dinov2_vits14 + augmentation prototypes, N=30",42,my_dataset_test_filtered\Leather_91\1750487700533.jpg,Leather_91,jpeg_compression,mild,0,Leather_89,Leather_89|Leather_91|Leather_19,False,True,0.44201,0.003894
"dinov2_vits14 + augmentation prototypes, N=30",42,my_dataset_test_filtered\Leather_91\1750487700533.jpg,Leather_91,rotation,mild,0,Leather_91,Leather_91|Leather_19|Leather_89,True,True,0.511174,0.002373
"dinov2_vits14 + augmentation prototypes, N=30",42,my_dataset_test_filtered\Leather_91\1750487700533.jpg,Leather_91,crop_scale,mild,0,Leather_91,Leather_91|Leather_89|Leather_32,True,True,0.602959,0.027668
"dinov2_vits14 + augmentation prototypes, N=30",42,my_dataset_test_filtered\Leather_92\1750487738299.jpg,Leather_92,brightness,mild,0,Leather_92,Leather_92|Leather_94|Leather_93,True,True,0.931987,0.217219
"dinov2_vits14 + augmentation prototypes, N=30",42,my_dataset_test_filtered\Leather_92\1750487738299.jpg,Leather_92,contrast,mild,0,Leather_92,Leather_92|Leather_94|Leather_93,True,True,0.930102,0.215265
"dinov2_vits14 + augmentation prototypes, N=30",42,my_dataset_test_filtered\Leather_92\1750487738299.jpg,Leather_92,color_jitter,mild,0,Leather_92,Leather_92|Leather_94|Leather_93,True,True,0.926991,0.20822
"dinov2_vits14 + augmentation prototypes, N=30",42,my_dataset_test_filtered\Leather_92\1750487738299.jpg,Leather_92,gaussian_blur,mild,0,Leather_92,Leather_92|Leather_94|Leather_93,True,True,0.931284,0.216767
"dinov2_vits14 + augmentation prototypes, N=30",42,my_dataset_test_filtered\Leather_92\1750487738299.jpg,Leather_92,gaussian_noise,mild,0,Leather_92,Leather_92|Leather_94|Leather_93,True,True,0.932223,0.211958
"dinov2_vits14 + augmentation prototypes, N=30",42,my_dataset_test_filtered\Leather_92\1750487738299.jpg,Leather_92,jpeg_compression,mild,0,Leather_92,Leather_92|Leather_94|Leather_93,True,True,0.930648,0.209018
"dinov2_vits14 + augmentation prototypes, N=30",42,my_dataset_test_filtered\Leather_92\1750487738299.jpg,Leather_92,rotation,mild,0,Leather_92,Leather_92|Leather_94|Leather_49,True,True,0.915524,0.217121
"dinov2_vits14 + augmentation prototypes, N=30",42,my_dataset_test_filtered\Leather_92\1750487738299.jpg,Leather_92,crop_scale,mild,0,Leather_92,Leather_92|Leather_94|Leather_93,True,True,0.939078,0.227107
"dinov2_vits14 + augmentation prototypes, N=30",42,my_dataset_test_filtered\Leather_93\1750487779772.jpg,Leather_93,brightness,mild,0,Leather_93,Leather_93|Leather_46|Leather_106,True,True,0.798595,0.056226
"dinov2_vits14 + augmentation prototypes, N=30",42,my_dataset_test_filtered\Leather_93\1750487779772.jpg,Leather_93,contrast,mild,0,Leather_93,Leather_93|Leather_46|Leather_106,True,True,0.791329,0.059579
"dinov2_vits14 + augmentation prototypes, N=30",42,my_dataset_test_filtered\Leather_93\1750487779772.jpg,Leather_93,color_jitter,mild,0,Leather_93,Leather_93|Leather_46|Leather_106,True,True,0.799609,0.050255
"dinov2_vits14 + augmentation prototypes, N=30",42,my_dataset_test_filtered\Leather_93\1750487779772.jpg,Leather_93,gaussian_blur,mild,0,Leather_93,Leather_93|Leather_46|Leather_106,True,True,0.801312,0.052104
"dinov2_vits14 + augmentation prototypes, N=30",42,my_dataset_test_filtered\Leather_93\1750487779772.jpg,Leather_93,gaussian_noise,mild,0,Leather_93,Leather_93|Leather_46|Leather_106,True,True,0.802525,0.048843
"dinov2_vits14 + augmentation prototypes, N=30",42,my_dataset_test_filtered\Leather_93\1750487779772.jpg,Leather_93,jpeg_compression,mild,0,Leather_93,Leather_93|Leather_46|Leather_106,True,True,0.795116,0.047134
"dinov2_vits14 + augmentation prototypes, N=30",42,my_dataset_test_filtered\Leather_93\1750487779772.jpg,Leather_93,rotation,mild,0,Leather_93,Leather_93|Leather_46|Leather_106,True,True,0.840286,0.096418
"dinov2_vits14 + augmentation prototypes, N=30",42,my_dataset_test_filtered\Leather_93\1750487779772.jpg,Leather_93,crop_scale,mild,0,Leather_93,Leather_93|Leather_116|Leather_46,True,True,0.905423,0.145765
"dinov2_vits14 + augmentation prototypes, N=30",42,my_dataset_test_filtered\Leather_94\1750487866782.jpg,Leather_94,brightness,mild,0,Leather_94,Leather_94|Leather_136|Leather_92,True,True,0.940221,0.162528
"dinov2_vits14 + augmentation prototypes, N=30",42,my_dataset_test_filtered\Leather_94\1750487866782.jpg,Leather_94,contrast,mild,0,Leather_94,Leather_94|Leather_136|Leather_92,True,True,0.93658,0.1588
"dinov2_vits14 + augmentation prototypes, N=30",42,my_dataset_test_filtered\Leather_94\1750487866782.jpg,Leather_94,color_jitter,mild,0,Leather_94,Leather_94|Leather_136|Leather_92,True,True,0.931383,0.160001
"dinov2_vits14 + augmentation prototypes, N=30",42,my_dataset_test_filtered\Leather_94\1750487866782.jpg,Leather_94,gaussian_blur,mild,0,Leather_94,Leather_94|Leather_136|Leather_36,True,True,0.939212,0.155241
"dinov2_vits14 + augmentation prototypes, N=30",42,my_dataset_test_filtered\Leather_94\1750487866782.jpg,Leather_94,gaussian_noise,mild,0,Leather_94,Leather_94|Leather_136|Leather_36,True,True,0.942963,0.156984
"dinov2_vits14 + augmentation prototypes, N=30",42,my_dataset_test_filtered\Leather_94\1750487866782.jpg,Leather_94,jpeg_compression,mild,0,Leather_94,Leather_94|Leather_136|Leather_36,True,True,0.938935,0.157282
"dinov2_vits14 + augmentation prototypes, N=30",42,my_dataset_test_filtered\Leather_94\1750487866782.jpg,Leather_94,rotation,mild,0,Leather_94,Leather_94|Leather_136|Leather_92,True,True,0.929734,0.165454
"dinov2_vits14 + augmentation prototypes, N=30",42,my_dataset_test_filtered\Leather_94\1750487866782.jpg,Leather_94,crop_scale,mild,0,Leather_94,Leather_94|Leather_136|Leather_92,True,True,0.96854,0.207639
"dinov2_vits14 + augmentation prototypes, N=30",42,my_dataset_test_filtered\Leather_95\1750487928213.jpg,Leather_95,brightness,mild,0,Leather_95,Leather_95|Leather_97|Leather_98,True,True,0.939907,0.165917
"dinov2_vits14 + augmentation prototypes, N=30",42,my_dataset_test_filtered\Leather_95\1750487928213.jpg,Leather_95,contrast,mild,0,Leather_95,Leather_95|Leather_97|Leather_98,True,True,0.934221,0.151579
"dinov2_vits14 + augmentation prototypes, N=30",42,my_dataset_test_filtered\Leather_95\1750487928213.jpg,Leather_95,color_jitter,mild,0,Leather_95,Leather_95|Leather_97|Leather_98,True,True,0.945271,0.159202
"dinov2_vits14 + augmentation prototypes, N=30",42,my_dataset_test_filtered\Leather_95\1750487928213.jpg,Leather_95,gaussian_blur,mild,0,Leather_95,Leather_95|Leather_97|Leather_98,True,True,0.939469,0.168259
"dinov2_vits14 + augmentation prototypes, N=30",42,my_dataset_test_filtered\Leather_95\1750487928213.jpg,Leather_95,gaussian_noise,mild,0,Leather_95,Leather_95|Leather_97|Leather_98,True,True,0.939416,0.159693
"dinov2_vits14 + augmentation prototypes, N=30",42,my_dataset_test_filtered\Leather_95\1750487928213.jpg,Leather_95,jpeg_compression,mild,0,Leather_95,Leather_95|Leather_97|Leather_98,True,True,0.941328,0.166843
"dinov2_vits14 + augmentation prototypes, N=30",42,my_dataset_test_filtered\Leather_95\1750487928213.jpg,Leather_95,rotation,mild,0,Leather_95,Leather_95|Leather_97|Leather_98,True,True,0.901287,0.101105
"dinov2_vits14 + augmentation prototypes, N=30",42,my_dataset_test_filtered\Leather_95\1750487928213.jpg,Leather_95,crop_scale,mild,0,Leather_95,Leather_95|Leather_97|Leather_88,True,True,0.954879,0.186475
"dinov2_vits14 + augmentation prototypes, N=30",42,my_dataset_test_filtered\Leather_96\1750487976543.jpg,Leather_96,brightness,mild,0,Leather_96,Leather_96|Leather_95|Leather_98,True,True,0.892471,0.164453
"dinov2_vits14 + augmentation prototypes, N=30",42,my_dataset_test_filtered\Leather_96\1750487976543.jpg,Leather_96,contrast,mild,0,Leather_96,Leather_96|Leather_95|Leather_98,True,True,0.873627,0.138082
"dinov2_vits14 + augmentation prototypes, N=30",42,my_dataset_test_filtered\Leather_96\1750487976543.jpg,Leather_96,color_jitter,mild,0,Leather_96,Leather_96|Leather_95|Leather_98,True,True,0.912451,0.141072
"dinov2_vits14 + augmentation prototypes, N=30",42,my_dataset_test_filtered\Leather_96\1750487976543.jpg,Leather_96,gaussian_blur,mild,0,Leather_96,Leather_96|Leather_95|Leather_98,True,True,0.900462,0.16538
"dinov2_vits14 + augmentation prototypes, N=30",42,my_dataset_test_filtered\Leather_96\1750487976543.jpg,Leather_96,gaussian_noise,mild,0,Leather_96,Leather_96|Leather_95|Leather_98,True,True,0.913118,0.174345
"dinov2_vits14 + augmentation prototypes, N=30",42,my_dataset_test_filtered\Leather_96\1750487976543.jpg,Leather_96,jpeg_compression,mild,0,Leather_96,Leather_96|Leather_95|Leather_98,True,True,0.909703,0.174495
"dinov2_vits14 + augmentation prototypes, N=30",42,my_dataset_test_filtered\Leather_96\1750487976543.jpg,Leather_96,rotation,mild,0,Leather_96,Leather_96|Leather_95|Leather_98,True,True,0.913724,0.166115
"dinov2_vits14 + augmentation prototypes, N=30",42,my_dataset_test_filtered\Leather_96\1750487976543.jpg,Leather_96,crop_scale,mild,0,Leather_96,Leather_96|Leather_95|Leather_106,True,True,0.926276,0.202546
"dinov2_vits14 + augmentation prototypes, N=30",42,my_dataset_test_filtered\Leather_97\1750488050266.jpg,Leather_97,brightness,mild,0,Leather_97,Leather_97|Leather_85|Leather_95,True,True,0.761658,0.115382
"dinov2_vits14 + augmentation prototypes, N=30",42,my_dataset_test_filtered\Leather_97\1750488050266.jpg,Leather_97,contrast,mild,0,Leather_97,Leather_97|Leather_85|Leather_95,True,True,0.74653,0.098945
"dinov2_vits14 + augmentation prototypes, N=30",42,my_dataset_test_filtered\Leather_97\1750488050266.jpg,Leather_97,color_jitter,mild,0,Leather_97,Leather_97|Leather_85|Leather_95,True,True,0.778329,0.133367
"dinov2_vits14 + augmentation prototypes, N=30",42,my_dataset_test_filtered\Leather_97\1750488050266.jpg,Leather_97,gaussian_blur,mild,0,Leather_97,Leather_97|Leather_85|Leather_95,True,True,0.774953,0.125495
"dinov2_vits14 + augmentation prototypes, N=30",42,my_dataset_test_filtered\Leather_97\1750488050266.jpg,Leather_97,gaussian_noise,mild,0,Leather_97,Leather_97|Leather_85|Leather_95,True,True,0.783023,0.140007
"dinov2_vits14 + augmentation prototypes, N=30",42,my_dataset_test_filtered\Leather_97\1750488050266.jpg,Leather_97,jpeg_compression,mild,0,Leather_97,Leather_97|Leather_85|Leather_95,True,True,0.779044,0.13644
"dinov2_vits14 + augmentation prototypes, N=30",42,my_dataset_test_filtered\Leather_97\1750488050266.jpg,Leather_97,rotation,mild,0,Leather_97,Leather_97|Leather_139|Leather_85,True,True,0.878481,0.128364
"dinov2_vits14 + augmentation prototypes, N=30",42,my_dataset_test_filtered\Leather_97\1750488050266.jpg,Leather_97,crop_scale,mild,0,Leather_97,Leather_97|Leather_98|Leather_95,True,True,0.896146,0.173644
"dinov2_vits14 + augmentation prototypes, N=30",42,my_dataset_test_filtered\Leather_98\1750488235001.jpg,Leather_98,brightness,mild,0,Leather_98,Leather_98|Leather_97|Leather_50,True,True,0.895897,0.179976
"dinov2_vits14 + augmentation prototypes, N=30",42,my_dataset_test_filtered\Leather_98\1750488235001.jpg,Leather_98,contrast,mild,0,Leather_98,Leather_98|Leather_97|Leather_50,True,True,0.894002,0.179718
"dinov2_vits14 + augmentation prototypes, N=30",42,my_dataset_test_filtered\Leather_98\1750488235001.jpg,Leather_98,color_jitter,mild,0,Leather_98,Leather_98|Leather_97|Leather_50,True,True,0.900256,0.190867
"dinov2_vits14 + augmentation prototypes, N=30",42,my_dataset_test_filtered\Leather_98\1750488235001.jpg,Leather_98,gaussian_blur,mild,0,Leather_98,Leather_98|Leather_97|Leather_50,True,True,0.894573,0.176016
"dinov2_vits14 + augmentation prototypes, N=30",42,my_dataset_test_filtered\Leather_98\1750488235001.jpg,Leather_98,gaussian_noise,mild,0,Leather_98,Leather_98|Leather_97|Leather_50,True,True,0.90182,0.184479
"dinov2_vits14 + augmentation prototypes, N=30",42,my_dataset_test_filtered\Leather_98\1750488235001.jpg,Leather_98,jpeg_compression,mild,0,Leather_98,Leather_98|Leather_97|Leather_50,True,True,0.898566,0.182396
"dinov2_vits14 + augmentation prototypes, N=30",42,my_dataset_test_filtered\Leather_98\1750488235001.jpg,Leather_98,rotation,mild,0,Leather_98,Leather_98|Leather_50|Leather_97,True,True,0.884189,0.230561
"dinov2_vits14 + augmentation prototypes, N=30",42,my_dataset_test_filtered\Leather_98\1750488235001.jpg,Leather_98,crop_scale,mild,0,Leather_98,Leather_98|Leather_50|Leather_97,True,True,0.865444,0.201657
"dinov2_vits14 + augmentation prototypes, N=30",42,my_dataset_test_filtered\Leather_99\1750488306875.jpg,Leather_99,brightness,mild,0,Leather_99,Leather_99|Leather_148|Leather_79,True,True,0.927987,0.25114
"dinov2_vits14 + augmentation prototypes, N=30",42,my_dataset_test_filtered\Leather_99\1750488306875.jpg,Leather_99,contrast,mild,0,Leather_99,Leather_99|Leather_148|Leather_79,True,True,0.931054,0.260582
"dinov2_vits14 + augmentation prototypes, N=30",42,my_dataset_test_filtered\Leather_99\1750488306875.jpg,Leather_99,color_jitter,mild,0,Leather_99,Leather_99|Leather_148|Leather_98,True,True,0.927298,0.266691
"dinov2_vits14 + augmentation prototypes, N=30",42,my_dataset_test_filtered\Leather_99\1750488306875.jpg,Leather_99,gaussian_blur,mild,0,Leather_99,Leather_99|Leather_148|Leather_79,True,True,0.91976,0.247642
"dinov2_vits14 + augmentation prototypes, N=30",42,my_dataset_test_filtered\Leather_99\1750488306875.jpg,Leather_99,gaussian_noise,mild,0,Leather_99,Leather_99|Leather_148|Leather_79,True,True,0.934036,0.253213
"dinov2_vits14 + augmentation prototypes, N=30",42,my_dataset_test_filtered\Leather_99\1750488306875.jpg,Leather_99,jpeg_compression,mild,0,Leather_99,Leather_99|Leather_148|Leather_79,True,True,0.929255,0.256137
"dinov2_vits14 + augmentation prototypes, N=30",42,my_dataset_test_filtered\Leather_99\1750488306875.jpg,Leather_99,rotation,mild,0,Leather_99,Leather_99|Leather_148|Leather_79,True,True,0.915592,0.29696
"dinov2_vits14 + augmentation prototypes, N=30",42,my_dataset_test_filtered\Leather_99\1750488306875.jpg,Leather_99,crop_scale,mild,0,Leather_99,Leather_99|Leather_148|Leather_79,True,True,0.915707,0.298882
